代码,行业
300936,电子
688655,电子
301176,电子
301282,电子
300964,电子
001389,电子
002636,电子
300903,电子
002384,电子
301251,电子
603186,电子
300852,电子
301628,电子
920060,电子
688519,电子
605258,电子
300476,电子
301041,电子
603228,电子
600183,电子
603936,电子
000823,电子
605058,电子
301132,电子
002815,电子
002579,电子
603920,电子
688183,电子
688020,电子
300657,电子
603386,电子
603328,电子
002938,电子
300814,电子
301366,电子
002463,电子
920821,电子
002436,电子
600601,电子
002916,电子
002134,电子
603175,电子
300739,电子
002913,电子
301566,被动元件
002138,被动元件
300319,被动元件
300408,被动元件
300975,被动元件
301458,被动元件
603989,被动元件
002484,被动元件
920491,被动元件
920981,被动元件
000636,被动元件
920128,被动元件
600237,被动元件
600563,被动元件
603738,被动元件
688539,被动元件
002199,被动元件
300460,被动元件
688205,通信
301577,通信
300394,通信
603421,通信
002281,通信
920045,通信
600498,通信
301165,通信
300570,通信
300620,通信
688668,通信
002796,通信
300548,通信
002194,通信
002396,通信
301314,通信
301419,通信
002902,通信
002897,通信
688313,通信
688618,通信
300710,通信
002296,通信
300308,通信
300565,通信
688182,通信
000063,通信
301205,通信
300698,通信
300502,通信
300134,通信
688387,通信
301307,通信
300098,通信
002792,通信
002583,通信
601869,通信
600487,通信
688143,通信
603042,通信
002491,通信
600522,通信
000586,通信
300913,通信
000070,通信
300563,通信
600105,通信
920640,通信
688048,半导体
688167,半导体
688498,半导体
688693,半导体
603290,半导体
688689,半导体
688711,半导体
605111,半导体
600360,半导体
600460,半导体
300623,半导体
300046,半导体
300373,半导体
688230,半导体
688261,半导体
300831,半导体
600745,半导体
688172,半导体
000949,基础化工
600889,基础化工
000677,基础化工
000420,基础化工
600684,房地产
301191,通信终端及配件
603803,通信终端及配件
603083,通信终端及配件
301202,其他通信设备
600345,其他通信设备
920374,其他通信设备
300615,通信终端及配件
603118,通信终端及配件
688159,通信终端及配件
003031,通信终端及配件
688592,通信终端及配件
300504,通信终端及配件
300183,其他通信设备
300555,通信终端及配件
300414,其他通信设备
300711,其他通信设备
300689,通信终端及配件
688283,其他通信设备
300213,其他通信设备
002313,通信终端及配件
300205,通信终端及配件
920249,通信终端及配件
688080,其他通信设备
300590,通信终端及配件
300638,通信终端及配件
300628,通信终端及配件
600776,其他通信设备
003040,通信终端及配件
688418,其他通信设备
600198,通信终端及配件
300353,其他通信设备
002881,通信终端及配件
300627,通信终端及配件
900941,其他通信设备
002017,通信终端及配件
200468,其他通信设备
603236,通信终端及配件
002104,通信终端及配件
600775,通信终端及配件
688027,通信终端及配件
688100,通信终端及配件
600355,通信终端及配件
600172,机械设备
002760,机械设备
300179,机械设备
688028,机械设备
920725,机械设备
002046,机械设备
300700,机械设备
300606,机械设备
300554,机械设备
002282,机械设备
920807,机械设备
300818,机械设备
300861,机械设备
600783,机械设备
300661,半导体
688512,半导体
688141,半导体
600171,半导体
688130,半导体
688536,半导体
688699,半导体
688045,半导体
688368,半导体
300782,半导体
688052,半导体
688286,半导体
688458,半导体
688061,半导体
688798,半导体
688515,半导体
688508,半导体
688653,半导体
688484,半导体
603375,半导体
688153,半导体
688381,半导体
688391,半导体
688220,半导体
688173,半导体
688209,半导体
300671,半导体
603068,半导体
688325,半导体
688270,半导体
603160,半导体
688582,半导体
688790,半导体
600877,半导体
688601,半导体
688372,半导体
688135,半导体
688362,半导体
301348,半导体
688216,半导体
920139,半导体
688403,半导体
002185,半导体
688352,半导体
600584,半导体
603005,半导体
002156,半导体
002077,半导体
000839,通信应用增值服务
002467,通信应用增值服务
300310,通信工程及服务
600289,通信工程及服务
301139,通信工程及服务
301428,通信应用增值服务
300921,通信应用增值服务
603881,通信应用增值服务
300560,通信工程及服务
300050,通信工程及服务
300292,通信应用增值服务
300597,通信工程及服务
300383,通信应用增值服务
301382,通信应用增值服务
300025,通信工程及服务
603206,通信工程及服务
002148,通信应用增值服务
300211,通信工程及服务
301380,通信应用增值服务
002115,通信工程及服务
603220,通信工程及服务
300959,通信应用增值服务
603322,通信工程及服务
300603,通信工程及服务
300738,通信应用增值服务
002544,通信工程及服务
300081,通信应用增值服务
300513,通信工程及服务
300571,通信应用增值服务
000889,通信工程及服务
603559,通信工程及服务
300442,通信应用增值服务
002123,通信应用增值服务
002929,通信工程及服务
600941,电信运营商
002316,通信工程及服务
600050,电信运营商
920924,通信工程及服务
601728,电信运营商
300578,通信应用增值服务
688300,基础化工
920971,基础化工
301071,基础化工
603688,基础化工
001296,基础化工
603826,基础化工
920719,基础化工
920175,基础化工
605086,基础化工
603612,基础化工
920832,基础化工
920675,基础化工
688646,机械设备
002008,机械设备
688025,机械设备
300227,机械设备
688559,机械设备
301021,机械设备
688170,机械设备
300747,自动化设备
688518,机械设备
000988,机械设备
603256,建筑材料
605006,建筑材料
300196,建筑材料
002080,建筑材料
600176,建筑材料
301526,建筑材料
601112,建筑材料
002201,建筑材料
300811,有色金属
300835,有色金属
688786,有色金属
301323,有色金属
688077,有色金属
301141,有色金属
000970,有色金属
603072,有色金属
301622,有色金属
300127,有色金属
300748,有色金属
600366,有色金属
000795,有色金属
300224,有色金属
300683,医药生物
688796,医药生物
301096,医药生物
301257,医药生物
688073,医药生物
301201,医药生物
603127,医药生物
688710,医药生物
301333,医药生物
603259,医药生物
600721,医药生物
688621,医药生物
688265,医药生物
002821,医药生物
301509,医药生物
300149,医药生物
688046,医药生物
688222,医药生物
300347,医药生物
688238,医药生物
300725,医药生物
301520,医药生物
688131,医药生物
300363,医药生物
300404,医药生物
300759,医药生物
603456,医药生物
688202,医药生物
301230,医药生物
920036,计算机
688307,计算机
300270,计算机
003004,计算机
301182,计算机
688619,计算机
301318,计算机
002835,计算机
920976,计算机
300691,计算机
688475,计算机
300884,计算机
603508,计算机
300275,计算机
605118,计算机
301117,计算机
300155,计算机
688489,计算机
002528,计算机
300588,计算机
301330,计算机
920198,计算机
300790,计算机
002236,计算机
002415,计算机
301042,计算机
300449,计算机
688662,电子
002729,电子
300736,电子
002782,电子
688800,电子
301031,电子
301328,电子
300650,电子
688093,电子
603933,电子
300475,电子
002130,电子
301359,电子
301099,电子
002388,电子
300656,电子
301563,电子
301275,电子
001287,电子
300131,电子
001298,电子
688103,电子
300516,电子
002885,电子
000670,电子
002161,电子
600353,电子
300991,电子
000062,电子
300493,电子
300184,电子
002922,电子
002859,电子
688127,光学光电子
688195,光学光电子
301479,光学光电子
605588,光学光电子
603297,光学光电子
301183,光学光电子
688502,光学光电子
920438,光学光电子
002222,光学光电子
002962,光学光电子
688322,光学光电子
301421,光学光电子
300701,光学光电子
300566,光学光电子
002273,光学光电子
001373,光学光电子
300331,光学光电子
688378,光学光电子
300489,光学光电子
003015,光学光电子
600071,光学光电子
002456,光学光电子
002036,光学光电子
688079,光学光电子
688010,光学光电子
002808,光学光电子
600135,基础化工
002632,基础化工
601208,基础化工
688386,基础化工
688323,基础化工
605488,基础化工
301237,基础化工
301687,基础化工
300806,基础化工
688718,基础化工
002522,基础化工
002585,基础化工
000973,基础化工
000859,基础化工
001378,基础化工
001359,基础化工
002263,基础化工
301565,基础化工
300305,基础化工
000920,基础化工
300970,农林牧渔
300511,农林牧渔
002772,农林牧渔
600883,农林牧渔
301045,光学光电子
600330,电子化学品Ⅱ
002993,消费电子
300285,电子化学品Ⅱ
688807,数字芯片设计
301369,半导体设备
301387,消费电子
301326,消费电子
300545,光学光电子
300951,消费电子
301611,半导体材料
003026,半导体材料
688702,数字芯片设计
300322,消费电子
300709,消费电子
002475,消费电子
301489,电子化学品Ⅱ
688661,半导体材料
300602,消费电子
002426,消费电子
688535,半导体材料
002876,光学光电子
601231,消费电子
688530,半导体材料
300843,消费电子
920183,品牌消费电子
300684,电子化学品Ⅱ
688210,消费电子
300032,消费电子
001309,数字芯片设计
603002,电子化学品Ⅱ
301389,消费电子
603052,消费电子
301606,品牌消费电子
300456,集成电路制造
688279,数字芯片设计
301486,消费电子
688260,消费电子
300604,半导体设备
301123,消费电子
002635,消费电子
688181,光学光电子
002866,消费电子
301379,光学光电子
688018,数字芯片设计
603931,电子化学品Ⅱ
300647,消费电子
688035,电子化学品Ⅱ
605277,消费电子
300976,消费电子
688678,消费电子
688521,数字芯片设计
600552,光学光电子
688150,电子化学品Ⅱ
603626,消费电子
000045,光学光电子
301567,消费电子
688550,电子化学品Ⅱ
300115,消费电子
002955,光学光电子
688449,数字芯片设计
688603,电子化学品Ⅱ
301086,消费电子
688299,光学光电子
300784,消费电子
300269,LED
688595,数字芯片设计
688041,数字芯片设计
920357,消费电子
300812,消费电子
688589,数字芯片设计
300398,电子化学品Ⅱ
300054,电子化学品Ⅱ
688683,电子化学品Ⅱ
688359,电子化学品Ⅱ
688620,数字芯片设计
002952,光学光电子
002947,消费电子
688259,数字芯片设计
300241,LED
603380,消费电子
000021,消费电子
688802,数字芯片设计
688396,集成电路制造
603327,消费电子
688120,半导体设备
301329,消费电子
002888,品牌消费电子
920179,半导体材料
300433,消费电子
301051,消费电子
603296,消费电子
300076,光学光电子
688720,半导体材料
688809,半导体材料
002587,LED
301180,消费电子
300077,数字芯片设计
688138,半导体材料
300889,LED
688766,数字芯片设计
002654,LED
688007,品牌消费电子
603773,光学光电子
688401,半导体材料
300632,LED
300968,消费电子
603890,消费电子
300808,LED
000020,光学光电子
603679,LED
300752,LED
300916,消费电子
688419,半导体设备
603986,数字芯片设计
300956,消费电子
688478,半导体设备
600707,光学光电子
920526,电子化学品Ⅱ
300236,电子化学品Ⅱ
300940,LED
688008,数字芯片设计
688486,数字芯片设计
688252,数字芯片设计
300429,电子化学品Ⅱ
688652,半导体设备
688605,半导体设备
688727,半导体材料
920005,消费电子
301189,品牌消费电子
002241,消费电子
301629,半导体设备
605218,光学光电子
301678,半导体材料
300939,光学光电子
600641,半导体材料
000509,光学光电子
603690,半导体设备
300787,消费电子
601138,消费电子
688380,数字芯片设计
301106,光学光电子
002741,电子化学品Ⅱ
301319,电子化学品Ⅱ
002600,消费电子
688409,半导体设备
300053,数字芯片设计
300655,电子化学品Ⅱ
002139,消费电子
603341,消费电子
300256,消费电子
603595,消费电子
688709,数字芯片设计
002643,电子化学品Ⅱ
688729,半导体设备
300537,电子化学品Ⅱ
688721,半导体材料
300793,消费电子
688049,数字芯片设计
688082,半导体设备
002369,消费电子
002660,消费电子
002925,消费电子
688584,半导体材料
688123,数字芯片设计
688233,半导体材料
301491,消费电子
688234,半导体材料
300857,消费电子
301383,消费电子
002992,LED
002983,LED
300223,数字芯片设计
688147,半导体设备
688213,数字芯片设计
688249,集成电路制造
600206,半导体材料
688256,数字芯片设计
300120,光学光电子
003019,光学光电子
000050,光学光电子
688110,数字芯片设计
300679,消费电子
002049,数字芯片设计
688496,LED
688347,集成电路制造
002655,消费电子
002045,品牌消费电子
603061,半导体设备
603078,电子化学品Ⅱ
600203,消费电子
301297,半导体设备
688371,电子化学品Ⅱ
603703,LED
002845,光学光电子
002119,半导体材料
920346,消费电子
300576,电子化学品Ⅱ
002137,LED
300613,数字芯片设计
300706,半导体材料
688608,数字芯片设计
688981,集成电路制造
300136,消费电子
300822,消费电子
300866,品牌消费电子
002841,品牌消费电子
001308,光学光电子
300909,光学光电子
002861,消费电子
688775,品牌消费电子
920701,消费电子
688795,数字芯片设计
688783,半导体材料
200045,光学光电子
300088,光学光电子
600666,光学光电子
688332,数字芯片设计
688416,数字芯片设计
688126,半导体材料
002055,消费电子
688549,电子化学品Ⅱ
688099,数字芯片设计
300458,数字芯片设计
300346,电子化学品Ⅱ
002106,光学光电子
688728,数字芯片设计
688012,半导体设备
920212,消费电子
002289,光学光电子
002409,半导体材料
300735,消费电子
002387,光学光电子
300672,数字芯片设计
002584,电子化学品Ⅱ
920267,消费电子
688037,半导体设备
000725,光学光电子
688469,集成电路制造
300327,数字芯片设计
603501,数字芯片设计
000727,光学光电子
300582,LED
688072,半导体设备
688200,半导体设备
300666,半导体材料
603633,消费电子
000100,光学光电子
301285,消费电子
300219,LED
688107,数字芯片设计
688432,半导体材料
200725,光学光电子
605358,半导体材料
002351,品牌消费电子
688691,集成电路制造
603685,LED
300296,LED
600363,消费电子
688538,光学光电子
301067,消费电子
688019,电子化学品Ⅱ
002371,半导体设备
002213,数字芯片设计
301321,光学光电子
002681,消费电子
688545,电子化学品Ⅱ
300102,LED
603893,数字芯片设计
002745,LED
300686,消费电子
600130,消费电子
300232,LED
688262,数字芯片设计
200020,光学光电子
000536,光学光电子
920857,消费电子
300868,消费电子
301626,消费电子
688036,品牌消费电子
300303,LED
688146,半导体材料
688548,电子化学品Ⅱ
688361,半导体设备
300162,LED
002449,LED
300389,LED
301308,数字芯片设计
002855,消费电子
688593,数字芯片设计
003043,半导体设备
688385,数字芯片设计
301536,数字芯片设计
300708,LED
688055,光学光电子
688047,数字芯片设计
002217,光学光电子
688525,数字芯片设计
603629,消费电子
300301,LED
600703,LED
300481,电子化学品Ⅱ
920001,光学光电子
001314,消费电子
688106,电子化学品Ⅱ
688268,电子化学品Ⅱ
002981,消费电子
920876,消费电子
300323,LED
000426,贵金属
000603,贵金属
002716,贵金属
688591,数字芯片设计
002575,轻工制造
002862,轻工制造
002678,轻工制造
301011,轻工制造
301287,轻工制造
001300,轻工制造
301335,轻工制造
300220,轻工制造
001368,轻工制造
001222,轻工制造
605299,轻工制造
002899,轻工制造
300651,轻工制造
605080,轻工制造
300329,轻工制造
002348,轻工制造
002292,轻工制造
001238,轻工制造
688331,医药生物
688506,医药生物
688488,医药生物
920047,医药生物
688336,医药生物
688137,医药生物
688180,医药生物
300485,医药生物
688177,医药生物
688443,医药生物
688163,医药生物
000534,医药生物
301393,医药生物
688765,医药生物
688293,医药生物
688136,医药生物
600867,医药生物
002581,医药生物
301080,医药生物
301166,医药生物
688687,医药生物
002773,医药生物
920344,医药生物
688105,医药生物
300239,医药生物
600211,医药生物
300357,医药生物
603087,医药生物
688520,医药生物
603590,医药生物
300009,医药生物
920547,医药生物
600645,医药生物
000661,医药生物
688117,医药生物
301047,医药生物
000518,医药生物
688278,医药生物
002903,机械设备
603088,机械设备
300809,机械设备
688558,机械设备
301603,机械设备
688697,机械设备
002248,机械设备
688577,机械设备
003025,机械设备
002559,机械设备
688305,机械设备
000410,机械设备
300161,机械设备
000837,机械设备
002520,机械设备
002943,机械设备
601882,机械设备
002122,机械设备
920870,机械设备
200706,机械设备
300257,机械设备
603269,机械设备
603757,机械设备
300992,机械设备
603331,机械设备
301317,机械设备
300263,机械设备
002272,机械设备
603090,机械设备
301273,机械设备
920662,机械设备
301448,机械设备
300154,机械设备
300126,机械设备
301616,机械设备
301028,机械设备
688333,机械设备
300984,机械设备
688433,机械设备
688360,机械设备
300145,机械设备
603131,机械设备
300503,机械设备
301107,机械设备
688448,机械设备
603617,机械设备
605060,机械设备
301311,机械设备
002598,机械设备
300441,机械设备
301353,机械设备
301125,机械设备
301468,机械设备
300420,机械设备
600343,机械设备
688557,机械设备
920950,机械设备
002530,机械设备
300193,机械设备
002444,机械设备
301032,机械设备
920570,机械设备
300091,机械设备
603279,机械设备
300430,机械设备
002884,机械设备
920833,机械设备
300470,机械设备
600243,机械设备
920689,机械设备
300157,机械设备
001696,机械设备
300658,美容护理
003006,美容护理
002511,美容护理
301009,美容护理
001206,美容护理
603238,美容护理
301108,美容护理
300888,美容护理
605009,美容护理
300990,机械设备
603912,机械设备
000811,机械设备
301399,机械设备
301018,机械设备
301070,机械设备
301272,机械设备
002158,机械设备
600202,机械设备
603339,机械设备
603187,机械设备
002686,机械设备
000530,机械设备
200530,机械设备
920124,机械设备
301525,机械设备
301043,机械设备
603277,机械设备
002639,机械设备
301010,建筑材料
605318,建筑材料
001212,建筑材料
603038,建筑材料
002652,建筑材料
301429,建筑材料
000619,建筑材料
002247,建筑材料
300234,建筑材料
002785,建筑材料
002043,建筑材料
000786,建筑材料
002718,建筑材料
002333,建筑材料
200055,建筑材料
002791,建筑材料
000055,建筑材料
002468,交通运输
002120,交通运输
600233,交通运输
002352,交通运输
603056,交通运输
301535,汽车
300969,汽车
688737,汽车
688021,汽车
603211,汽车
603006,汽车
002921,汽车
002976,汽车
603239,汽车
603119,汽车
300473,汽车
300998,汽车
301022,汽车
920247,汽车
301186,汽车
300912,汽车
301298,汽车
603768,汽车
603048,汽车
300707,汽车
301233,汽车
600523,汽车
000887,汽车
002328,汽车
002101,汽车
603655,汽车
002997,汽车
605018,汽车
603197,汽车
603358,汽车零部件
601279,汽车
603190,汽车
301181,汽车
600480,汽车
603917,汽车
002965,汽车
603201,汽车
603348,汽车
300643,汽车
603922,汽车
301000,汽车
603109,汽车
605319,汽车
603352,汽车
603210,汽车
920221,汽车
300926,汽车
002547,汽车零部件
301005,汽车
001311,汽车
301613,汽车
920022,汽车
300237,汽车
002190,汽车
002510,汽车
300816,汽车
600987,纺织服饰
600448,纺织服饰
605055,纺织服饰
605189,纺织服饰
300953,电力设备
301217,电力设备
300750,电力设备
301511,电力设备
600241,电力设备
688345,电力设备
600152,电力设备
688388,电力设备
600110,电力设备
002850,电力设备
001283,电力设备
301121,电力设备
688155,电力设备
301587,电力设备
920914,电力设备
301210,电力设备
002245,电力设备
920239,电力设备
300207,电力设备
300014,电力设备
920523,电力设备
002074,电力设备
000049,电力设备
920252,电力设备
688772,电力设备
920237,电力设备
600478,电力设备
688567,电力设备
301150,电力设备
300438,电力设备
301568,机械设备
300757,机械设备
688329,机械设备
300802,机械设备
300400,机械设备
688455,机械设备
301029,机械设备
301512,机械设备
300461,机械设备
688003,机械设备
603082,机械设备
605186,机械设备
920035,机械设备
688686,机械设备
688097,机械设备
688816,机械设备
300486,机械设备
688215,机械设备
001223,机械设备
301312,机械设备
688310,机械设备
688306,机械设备
300097,机械设备
688623,机械设备
603960,机械设备
920396,机械设备
688125,机械设备
002445,机械设备
688308,机械设备
688379,机械设备
688059,机械设备
300718,机械设备
301630,机械设备
603667,机械设备
301197,机械设备
002931,机械设备
920961,机械设备
300780,机械设备
603699,机械设备
920651,机械设备
688257,机械设备
688610,机械设备
920002,机械设备
301377,机械设备
300557,机械设备
002896,机械设备
301360,机械设备
301413,机械设备
600114,机械设备
002132,机械设备
301255,机械设备
300417,机械设备
301548,机械设备
688528,机械设备
002026,机械设备
300421,机械设备
600421,机械设备
300838,机械设备
001306,机械设备
301528,机械设备
603700,机械设备
688056,机械设备
002871,机械设备
603969,机械设备
600860,机械设备
002767,机械设备
002633,机械设备
300906,机械设备
300488,机械设备
300943,机械设备
300112,机械设备
300667,机械设备
688450,机械设备
301151,机械设备
301596,机械设备
688355,机械设备
688768,机械设备
688001,机械设备
688583,机械设备
601002,机械设备
603270,机械设备
600592,机械设备
002164,机械设备
301006,机械设备
301368,机械设备
300553,机械设备
688115,机械设备
688622,机械设备
603662,机械设备
301261,机械设备
300817,机械设备
688665,机械设备
300885,机械设备
301309,机械设备
920407,机械设备
002347,机械设备
300567,机械设备
300306,机械设备
002058,机械设备
920476,机械设备
920223,机械设备
920509,机械设备
000039,机械设备
920879,机械设备
603400,机械设备
300007,机械设备
300354,机械设备
300445,机械设备
920510,机械设备
301559,机械设备
002514,机械设备
300371,机械设备
603028,机械设备
300260,机械设备
920720,机械设备
688112,机械设备
300862,机械设备
600992,机械设备
603278,机械设备
002849,机械设备
601177,机械设备
002552,金属制品
002342,机械设备
600558,机械设备
300203,机械设备
002843,机械设备
300402,机械设备
920169,机械设备
688628,机械设备
920679,机械设备
301303,机械设备
002795,机械设备
002819,机械设备
300897,机械设备
300259,机械设备
002175,机械设备
300515,机械设备
300985,机械设备
920685,机械设备
300165,机械设备
300228,机械设备
920693,机械设备
301268,机械设备
000777,机械设备
920029,机械设备
920505,机械设备
002438,机械设备
605056,机械设备
301129,机械设备
300946,机械设备
688627,机械设备
300066,机械设备
920943,机械设备
001379,机械设备
920363,机械设备
603915,机械设备
301137,机械设备
300349,机械设备
300466,机械设备
688337,机械设备
300720,机械设备
605100,机械设备
002131,机械设备
300828,机械设备
603308,机械设备
603100,机械设备
002877,机械设备
920082,机械设备
300370,机械设备
002150,机械设备
920260,机械设备
002290,家用电器
301252,家用电器
300279,家用电器
301135,家用电器
301008,家用电器
002418,家用电器
920699,家用电器
002050,家用电器
001268,家用电器
603677,家用电器
300217,家用电器
300403,家用电器
002676,家用电器
603075,家用电器
301280,家用电器
300543,家用电器
603657,家用电器
603519,家用电器
603112,家用电器
920108,家用电器
603726,家用电器
002420,家用电器
600619,家用电器
000404,家用电器
002011,家用电器
002860,家用电器
300342,家用电器
002402,家用电器
900910,家用电器
601956,家用电器
300160,家用电器
603311,家用电器
920718,家用电器
920768,家用电器
003028,家用电器
603578,家用电器
603124,有色金属
688231,有色金属
300930,有色金属
603045,有色金属
605376,有色金属
601137,有色金属
688456,有色金属
920576,有色金属
688102,有色金属
600255,有色金属
300855,有色金属
300963,有色金属
605158,有色金属
920751,有色金属
000633,有色金属
000969,有色金属
603978,有色金属
688190,有色金属
301522,有色金属
920078,有色金属
002970,计算机
688292,计算机
301391,计算机
001339,计算机
300508,计算机
688060,计算机
920190,计算机
603516,计算机
002869,计算机
688288,计算机
300789,计算机
300743,计算机
300302,计算机
300807,计算机
300659,计算机
001229,计算机
301503,计算机
002912,计算机
300645,计算机
688208,计算机
301339,计算机
301608,计算机
301600,计算机
002990,计算机
300531,计算机
300249,计算机
300845,计算机
002376,计算机
300552,计算机
002577,计算机
300479,计算机
603019,计算机
300771,计算机
300324,计算机
300455,计算机
300333,计算机
920808,计算机
002180,计算机
603660,计算机
002152,计算机
301589,计算机
300847,计算机
600100,计算机
002197,计算机
603496,计算机
000977,计算机
300551,计算机
300248,计算机
300546,计算机
300941,计算机
688188,计算机
300462,计算机
002268,计算机
920090,计算机
300386,计算机
300130,计算机
000997,计算机
300368,计算机
603106,计算机
300042,计算机
002177,计算机
000066,计算机
002512,计算机
301216,基础化工
301196,基础化工
603150,基础化工
688585,基础化工
603991,基础化工
002886,基础化工
300218,基础化工
301591,基础化工
301538,基础化工
300995,基础化工
688716,基础化工
300644,基础化工
301131,基础化工
301003,基础化工
300717,基础化工
688669,基础化工
301019,基础化工
301555,基础化工
300586,基础化工
300487,基础化工
603928,基础化工
300538,基础化工
605589,基础化工
301395,基础化工
002825,基础化工
688219,基础化工
301092,基础化工
300920,基础化工
001333,基础化工
920089,基础化工
688203,基础化工
603580,基础化工
920056,基础化工
600143,基础化工
603879,基础化工
300243,基础化工
001255,基础化工
300180,基础化工
300221,基础化工
300834,基础化工
300539,基础化工
002838,基础化工
603330,基础化工
605008,基础化工
920066,基础化工
300230,基础化工
002768,基础化工
920469,基础化工
002361,基础化工
002395,基础化工
002324,基础化工
300980,基础化工
300478,基础化工
300716,基础化工
002108,基础化工
301090,基础化工
688087,基础化工
002858,社会服务
600158,社会服务
000951,汽车
600006,汽车
600166,汽车
600418,汽车
301039,汽车
600375,汽车
000800,汽车
000550,汽车
200550,汽车
002301,文化用品
301101,文化用品
002103,文化用品
603899,文化用品
300703,文化用品
001267,基础建设
605303,基础建设
300649,基础建设
002663,基础建设
300949,基础建设
000010,基础建设
301098,基础建设
002431,基础建设
603955,基础建设
603359,基础建设
603717,基础建设
002775,基础建设
300536,基础建设
002200,基础建设
603316,基础建设
300948,基础建设
002717,基础建设
300197,基础建设
300355,基础建设
003021,电力设备
603489,电力设备
301502,电力设备
301023,电力设备
920100,电力设备
300660,电力设备
603370,电力设备
600416,电力设备
002801,电力设备
600580,电力设备
300907,电力设备
300626,电力设备
603728,电力设备
603350,电力设备
603819,电力设备
002823,电力设备
002249,电力设备
002576,电力设备
603344,电力设备
603988,电力设备
002196,电力设备
603320,电力设备
002892,电力设备
000922,电力设备
002176,电力设备
301226,电力设备
688551,电力设备
300870,电力设备
002335,电力设备
002851,电力设备
300693,电力设备
002364,电力设备
300491,电力设备
301516,电力设备
300713,电力设备
301590,电力设备
300593,电力设备
688719,电力设备
002518,电力设备
688785,电力设备
301157,电力设备
600482,电力设备
300820,电力设备
688411,电力设备
920110,电力设备
600212,电力设备
002951,电力设备
002227,电力设备
600405,电力设备
300153,电力设备
002366,电力设备
300376,电力设备
002627,社会服务
603402,社会服务
000558,社会服务
002707,社会服务
000524,社会服务
000610,社会服务
000796,社会服务
900929,社会服务
300499,专用设备
001400,专用设备
301128,专用设备
301392,专用设备
688071,专用设备
688630,专用设备
300151,专用设备
301200,专用设备
300540,专用设备
688648,专用设备
688700,专用设备
688113,专用设备
688400,专用设备
920026,专用设备
300971,专用设备
688312,专用设备
002833,专用设备
600499,专用设备
002009,专用设备
300549,专用设备
688531,专用设备
603081,专用设备
301083,专用设备
301013,专用设备
301598,专用设备
002837,专用设备
300813,专用设备
688162,专用设备
688211,专用设备
002337,专用设备
300103,专用设备
300004,专用设备
300823,专用设备
688328,专用设备
920284,专用设备
603159,专用设备
300293,专用设备
300281,专用设备
300471,专用设备
001395,专用设备
603076,专用设备
603895,专用设备
920080,专用设备
002006,专用设备
600444,专用设备
603656,专用设备
688022,专用设备
300902,专用设备
603011,专用设备
688128,专用设备
002690,专用设备
002595,专用设备
002757,专用设备
600501,专用设备
688596,专用设备
300756,专用设备
300382,专用设备
000856,专用设备
688092,专用设备
920091,专用设备
688755,专用设备
603855,专用设备
300833,专用设备
920061,专用设备
688529,专用设备
002031,专用设备
002529,专用设备
920856,专用设备
605259,专用设备
600520,专用设备
002816,专用设备
688383,专用设备
300412,专用设备
300411,专用设备
920112,专用设备
300415,专用设备
002786,专用设备
920475,专用设备
603956,专用设备
920855,专用设备
002779,专用设备
002073,专用设备
920455,专用设备
300472,专用设备
301338,专用设备
300836,专用设备
600579,专用设备
603289,专用设备
300988,专用设备
920717,专用设备
688651,计算机
300369,计算机
688435,计算机
002212,计算机
000004,计算机
688058,计算机
688695,计算机
601360,计算机
688030,计算机
600288,计算机
300768,计算机
002439,计算机
688152,计算机
688168,计算机
300454,计算机
688023,计算机
688201,计算机
688111,计算机
688561,计算机
688225,计算机
301315,计算机
603039,计算机
300311,计算机
301270,计算机
688369,计算机
688095,计算机
688244,计算机
300036,计算机
002230,计算机
600588,软件开发
002279,计算机
300624,计算机
300378,计算机
300766,计算机
688031,计算机
000425,机械设备
920706,机械设备
000157,机械设备
603611,机械设备
000680,机械设备
600031,机械设备
603338,机械设备
603280,机械设备
000528,机械设备
600815,机械设备
603273,机械设备
603298,机械设备
605305,机械设备
002097,机械设备
300201,机械设备
603194,机械设备
920101,机械设备
600761,机械设备
002685,机械设备
920599,机械设备
600984,机械设备
002957,工控设备
002975,工控设备
688160,工控设备
603283,工控设备
688090,机器人
301112,机器人
688218,机器人
920593,机器人
688395,工控设备
301418,工控设备
688017,机器人
688165,机器人
688255,机器人
603025,工控设备
301320,工控设备
301510,工控设备
301199,机器人
603583,工控设备
603203,工控设备
002698,机器人
688570,工控设备
688698,工控设备
300278,工控设备
002184,工控设备
605288,工控设备
300083,工控设备
920405,工控设备
603275,工控设备
301633,工控设备
002747,机器人
002979,机器人
300607,机器人
300484,工控设备
603416,机器人
920425,工控设备
001266,工控设备
002334,工控设备
920119,工控设备
688290,机器人
688320,工控设备
600215,机器人
300024,机器人
920885,工控设备
920579,机器人
300048,工控设备
300124,工控设备
300276,机器人
920578,机器人
603666,机器人
603015,工控设备
688777,工控设备
001278,汽车
000700,汽车
301133,汽车
603306,汽车
603409,汽车
601799,汽车
600081,汽车
001319,汽车
920187,汽车
301552,汽车
920533,汽车
603266,汽车
301529,汽车
920270,汽车
605068,汽车
603730,汽车
603085,汽车
001260,汽车
300100,汽车
600742,汽车
600660,汽车
603035,汽车
002048,汽车
920690,汽车
300978,汽车
002516,汽车
605228,汽车
605151,汽车
301173,汽车
920906,汽车
605128,汽车
300446,汽车
600626,汽车
603997,汽车
301398,汽车
002662,汽车
600741,汽车
603418,汽车
920663,汽车
600609,汽车
300893,汽车
002537,汽车
301239,医院
600568,医院
000504,其他医疗服务
301103,医院
002622,医院
301060,诊断服务
688315,其他医疗服务
603122,其他医疗服务
002524,医院
603882,诊断服务
301267,医院
000710,诊断服务
300676,诊断服务
300015,医院
600763,医院
002172,医院
300143,医院
603108,其他医疗服务
300244,诊断服务
920670,其他医疗服务
002044,医院
002219,医院
301293,医院
002173,医院
000516,医院
002159,社会服务
603199,社会服务
600054,社会服务
603099,社会服务
000978,社会服务
002033,社会服务
000888,社会服务
603136,社会服务
600749,社会服务
000430,社会服务
300859,社会服务
600576,社会服务
900942,社会服务
603165,造纸
000488,造纸
200488,造纸
002067,造纸
603863,造纸
600963,造纸
603284,造纸
600567,造纸
002078,造纸
605500,造纸
600966,造纸
600308,造纸
002733,电力设备
603031,电力设备
600847,电力设备
688819,电力设备
301222,电力设备
605378,电力设备
601311,电力设备
920627,电力设备
002580,电力设备
300068,电力设备
000428,社会服务
600258,社会服务
301073,社会服务
601007,社会服务
600754,社会服务
900934,社会服务
605287,建筑装饰
002963,建筑装饰
002047,建筑装饰
002856,建筑装饰
300621,建筑装饰
002989,建筑装饰
002789,建筑装饰
601886,建筑装饰
300506,建筑装饰
002830,建筑装饰
002811,建筑装饰
600234,建筑装饰
002822,建筑装饰
002482,建筑装饰
603030,建筑装饰
600193,建筑装饰
002620,建筑装饰
002375,建筑装饰
002713,建筑装饰
002081,建筑装饰
603828,建筑装饰
002163,建筑装饰
603137,建筑装饰
603059,洗护用品
600249,洗护用品
001328,洗护用品
603193,洗护用品
688339,电力设备
301446,工程机械器件
601100,工程机械器件
603638,工程机械器件
301279,工程机械器件
301079,工程机械器件
001239,工程机械器件
920245,工程机械器件
001226,工程机械器件
920020,工程机械器件
920839,工程机械器件
920942,工程机械器件
301161,工程机械器件
605389,工程机械器件
000957,商用载客车
600303,商用载客车
600066,商用载客车
600686,商用载客车
000868,商用载客车
301345,摩托车及其他
603129,摩托车及其他
003033,摩托车及其他
603787,摩托车及其他
603766,摩托车及其他
000913,摩托车及其他
601777,摩托车及其他
920058,摩托车及其他
603776,摩托车及其他
300841,疫苗
300318,血液制品
688185,疫苗
688670,疫苗
301207,疫苗
688319,疫苗
000403,血液制品
688276,疫苗
688739,疫苗
920575,疫苗
300142,疫苗
002880,血液制品
300601,疫苗
603392,疫苗
002007,疫苗
300294,血液制品
600161,血液制品
300122,疫苗
002252,血液制品
600739,疫苗
301105,专用设备
300521,专用设备
301138,专用设备
300509,专用设备
002209,专用设备
002611,专用设备
300195,专用设备
001256,专用设备
603901,专用设备
300512,专用设备
920553,专用设备
920810,专用设备
002271,建筑材料
300715,建筑材料
300737,建筑材料
301607,汽车
002937,汽车
688533,汽车
300863,汽车
001285,汽车
301631,汽车
300928,汽车
688612,汽车
301581,汽车
603179,汽车
002870,汽车
920168,汽车
603390,汽车
688667,汽车
301221,汽车
600699,汽车
002813,汽车
002454,汽车
920436,汽车
603023,汽车
600651,汽车
301488,汽车
301499,汽车
605333,汽车
002906,汽车
300681,汽车
000901,汽车
300745,汽车
603376,汽车
002664,汽车
603202,汽车
301656,汽车
603786,汽车
300304,汽车
002239,汽车
002766,汽车
605005,汽车
301310,汽车
000980,汽车
001332,能源及重型设备
603356,专用设备
002730,能源及重型设备
300594,轨交设备Ⅱ
301056,专用设备
003036,纺织服装设备
300923,轨交设备Ⅱ
002021,纺织服装设备
300011,轨交设备Ⅱ
300960,轨交设备Ⅱ
688420,能源及重型设备
688009,轨交设备Ⅱ
603321,专用设备
688789,纺织服装设备
300865,能源及重型设备
600262,能源及重型设备
001225,能源及重型设备
300879,农用机械
300351,轨交设备Ⅱ
600302,纺织服装设备
688285,轨交设备Ⅱ
002667,能源及重型设备
688367,轨交设备Ⅱ
605001,轨交设备Ⅱ
002689,专用设备
001288,能源及重型设备
603500,轨交设备Ⅱ
002890,农用机械
603012,能源及重型设备
301260,农用机械
300307,纺织服装设备
688121,能源及重型设备
300851,轨交设备Ⅱ
001324,轨交设备Ⅱ
002722,纺织服装设备
688485,轨交设备Ⅱ
603680,轨交设备Ⅱ
600458,轨交设备Ⅱ
603135,能源及重型设备
301533,农用机械
300950,能源及重型设备
600232,纺织服装设备
000925,轨交设备Ⅱ
601608,能源及重型设备
002527,专用设备
603173,能源及重型设备
300480,能源及重型设备
688033,轨交设备Ⅱ
600560,能源及重型设备
300669,专用设备
002774,专用设备
002691,能源及重型设备
603325,能源及重型设备
600495,轨交设备Ⅱ
688569,轨交设备Ⅱ
605286,专用设备
301048,轨交设备Ⅱ
300159,农用机械
603488,专用设备
601369,能源及重型设备
002960,专用设备
001277,能源及重型设备
601717,能源及重型设备
603966,能源及重型设备
600980,能源及重型设备
920395,专用设备
605298,轨交设备Ⅱ
603391,能源及重型设备
688015,轨交设备Ⅱ
603111,轨交设备Ⅱ
002972,轨交设备Ⅱ
002353,能源及重型设备
002523,能源及重型设备
603698,能源及重型设备
920895,农用机械
301601,能源及重型设备
300099,能源及重型设备
300092,能源及重型设备
002535,能源及重型设备
000927,轨交设备Ⅱ
920027,轨交设备Ⅱ
603789,农用机械
603169,能源及重型设备
600835,专用设备
688459,轨交设备Ⅱ
300095,能源及重型设备
002483,能源及重型设备
300931,专用设备
900947,能源及重型设备
688187,轨交设备Ⅱ
603800,能源及重型设备
301053,纺织服装设备
002564,能源及重型设备
920541,轨交设备Ⅱ
601766,轨交设备Ⅱ
002204,能源及重型设备
600169,能源及重型设备
600843,纺织服装设备
002526,能源及重型设备
600545,纺织服装设备
601399,能源及重型设备
600320,能源及重型设备
002367,专用设备
601798,能源及重型设备
900925,专用设备
920608,农用机械
300837,能源及重型设备
601106,能源及重型设备
600894,专用设备
301063,能源及重型设备
688633,能源及重型设备
301016,轨交设备Ⅱ
603095,纺织服装设备
000008,轨交设备Ⅱ
603337,纺织服装设备
900924,纺织服装设备
603029,农用机械
002278,能源及重型设备
601038,农用机械
001360,能源及重型设备
920703,能源及重型设备
600582,能源及重型设备
920931,能源及重型设备
603036,能源及重型设备
920781,能源及重型设备
300084,能源及重型设备
688377,能源及重型设备
301158,能源及重型设备
000852,能源及重型设备
920158,能源及重型设备
600397,能源及重型设备
002490,能源及重型设备
002536,底盘与发动机系统
603949,底盘与发动机系统
688280,底盘与发动机系统
000338,底盘与发动机系统
603335,轮胎轮毂
301560,底盘与发动机系统
002725,轮胎轮毂
002592,底盘与发动机系统
300585,底盘与发动机系统
605255,底盘与发动机系统
301397,底盘与发动机系统
300547,底盘与发动机系统
603758,底盘与发动机系统
002708,底盘与发动机系统
002126,底盘与发动机系统
002715,底盘与发动机系统
603319,底盘与发动机系统
301072,底盘与发动机系统
000559,底盘与发动机系统
301680,底盘与发动机系统
601058,轮胎轮毂
301550,底盘与发动机系统
300694,底盘与发动机系统
000581,底盘与发动机系统
002406,底盘与发动机系统
301020,底盘与发动机系统
600933,底盘与发动机系统
301667,底盘与发动机系统
301192,底盘与发动机系统
301170,底盘与发动机系统
002765,底盘与发动机系统
601689,底盘与发动机系统
603982,底盘与发动机系统
301229,底盘与发动机系统
301539,轮胎轮毂
301119,底盘与发动机系统
603788,底盘与发动机系统
603586,底盘与发动机系统
301007,底盘与发动机系统
001380,底盘与发动机系统
920418,底盘与发动机系统
920086,底盘与发动机系统
600841,底盘与发动机系统
002283,底盘与发动机系统
002284,底盘与发动机系统
603305,底盘与发动机系统
603013,底盘与发动机系统
600148,底盘与发动机系统
300258,底盘与发动机系统
605133,底盘与发动机系统
300611,底盘与发动机系统
603049,轮胎轮毂
603161,底盘与发动机系统
603007,底盘与发动机系统
603089,底盘与发动机系统
001233,轮胎轮毂
603178,底盘与发动机系统
300652,轮胎轮毂
300507,底盘与发动机系统
920896,底盘与发动机系统
002863,轮胎轮毂
920837,底盘与发动机系统
002472,底盘与发动机系统
002590,底盘与发动机系统
300580,底盘与发动机系统
300733,底盘与发动机系统
000678,底盘与发动机系统
300680,底盘与发动机系统
002363,底盘与发动机系统
920242,底盘与发动机系统
920106,底盘与发动机系统
603037,底盘与发动机系统
920000,底盘与发动机系统
300375,底盘与发动机系统
603767,底盘与发动机系统
603286,底盘与发动机系统
603926,底盘与发动机系统
002355,轮胎轮毂
603809,底盘与发动机系统
002553,底盘与发动机系统
603701,底盘与发动机系统
002984,轮胎轮毂
920978,底盘与发动机系统
600178,底盘与发动机系统
000599,轮胎轮毂
920271,底盘与发动机系统
002434,底盘与发动机系统
603166,底盘与发动机系统
603009,底盘与发动机系统
300176,底盘与发动机系统
000030,底盘与发动机系统
000981,底盘与发动机系统
600698,底盘与发动机系统
920146,底盘与发动机系统
301225,底盘与发动机系统
920454,底盘与发动机系统
002265,底盘与发动机系统
900920,底盘与发动机系统
200581,底盘与发动机系统
920871,底盘与发动机系统
601163,轮胎轮毂
603107,底盘与发动机系统
000903,底盘与发动机系统
605088,底盘与发动机系统
603596,底盘与发动机系统
002806,底盘与发动机系统
600218,底盘与发动机系统
600182,轮胎轮毂
601966,轮胎轮毂
002488,轮胎轮毂
300428,轮胎轮毂
601500,轮胎轮毂
600960,底盘与发动机系统
002448,底盘与发动机系统
200030,底盘与发动机系统
000589,轮胎轮毂
920378,底盘与发动机系统
300695,轮胎轮毂
200570,底盘与发动机系统
600469,轮胎轮毂
000570,底盘与发动机系统
603040,底盘与发动机系统
920195,底盘与发动机系统
001282,底盘与发动机系统
603158,底盘与发动机系统
900946,底盘与发动机系统
002085,轮胎轮毂
000880,底盘与发动机系统
000816,底盘与发动机系统
002703,底盘与发动机系统
603950,底盘与发动机系统
603121,底盘与发动机系统
002969,包装印刷
002787,包装印刷
002846,包装印刷
002752,包装印刷
002701,包装印刷
002374,包装印刷
601968,包装印刷
002294,医药生物
688759,医药生物
688513,医药生物
002653,医药生物
688266,医药生物
002675,医药生物
002422,医药生物
688221,医药生物
688062,医药生物
688428,医药生物
688192,医药生物
002020,医药生物
688091,医药生物
688235,医药生物
002393,医药生物
688321,医药生物
688373,医药生物
688302,医药生物
688578,医药生物
688553,医药生物
002082,医药生物
688197,医药生物
300254,医药生物
688382,医药生物
002019,医药生物
601089,医药生物
688799,医药生物
002755,医药生物
688189,医药生物
600276,医药生物
600624,医药生物
301075,医药生物
000963,医药生物
002898,医药生物
002370,医药生物
300723,医药生物
300584,医药生物
300558,医药生物
002693,医药生物
301130,医药生物
002793,医药生物
688566,医药生物
603669,医药生物
603676,医药生物
000931,医药生物
300199,医药生物
002940,医药生物
300204,医药生物
688247,医药生物
603168,医药生物
300233,医药生物
003020,医药生物
002742,医药生物
002900,医药生物
603811,医药生物
600521,医药生物
000915,医药生物
688505,医药生物
688658,医药生物
603367,医药生物
600196,医药生物
300016,医药生物
600851,医药生物
300086,医药生物
300436,医药生物
920017,医药生物
300110,医药生物
300573,医药生物
600380,医药生物
301507,医药生物
603707,医药生物
920735,医药生物
688602,医药生物
300434,医药生物
600267,医药生物
002550,医药生物
000153,医药生物
300194,医药生物
300255,医药生物
300705,医药生物
600774,医药生物
920566,医药生物
002923,医药生物
000513,医药生物
603207,医药生物
000919,医药生物
300111,医药生物
002038,医药生物
600613,医药生物
000756,医药生物
002262,医药生物
002399,医药生物
002437,医药生物
600420,医药生物
600079,医药生物
301263,医药生物
900904,医药生物
300006,医药生物
000597,医药生物
000566,医药生物
000788,医药生物
600062,医药生物
000813,医药生物
000766,医药生物
002872,医药生物
002004,医药生物
900917,医药生物
600789,医药生物
600664,医药生物
688176,医药生物
600513,医药生物
002826,医药生物
600812,医药生物
000908,医药生物
300955,化妆品
300886,化妆品
002243,化妆品
300849,化妆品
300132,化妆品
920123,化妆品
300856,化妆品
002416,商贸零售
000829,商贸零售
603214,商贸零售
300622,商贸零售
300022,商贸零售
300755,商贸零售
301078,商贸零售
603683,基础化工
301283,基础化工
603051,基础化工
002669,基础化工
603681,基础化工
603610,家居用品
301336,家居用品
603709,家居用品
603818,家居用品
301376,家居用品
603313,家居用品
603816,家居用品
603661,家居用品
603848,家居用品
603600,家居用品
920132,家居用品
603008,家居用品
002489,家居用品
301061,家居用品
600337,家居用品
001323,家居用品
603389,家居用品
301595,家居用品
603021,家居用品
001221,家居用品
002571,家居用品
002615,家居用品
301113,家居用品
001216,家居用品
301055,家居用品
300640,家居用品
001211,家居用品
601996,家居用品
300993,家居用品
605155,家居用品
301193,家居用品
001356,家居用品
605099,家居用品
300729,家居用品
603195,家居用品
603272,家居用品
002094,家居用品
301004,家居用品
603615,家居用品
301501,家居用品
603838,家居用品
688253,医药生物
688338,医药生物
688656,医药生物
688217,医药生物
688067,医药生物
688193,医药生物
002432,医药生物
688575,医药生物
688068,医药生物
300942,医药生物
600807,医药生物
688399,医药生物
688393,医药生物
688606,医药生物
300642,医药生物
688468,医药生物
688426,医药生物
688389,医药生物
688317,医药生物
300639,医药生物
688298,医药生物
300396,医药生物
920009,医药生物
002932,医药生物
002022,医药生物
300439,医药生物
002030,医药生物
300406,医药生物
603658,医药生物
603387,医药生物
300463,医药生物
688075,医药生物
688289,医药生物
300482,医药生物
300289,医药生物
300832,医药生物
300685,医药生物
688767,医药生物
600538,医药生物
002086,医药生物
301215,汽车服务
301322,其他运输设备
600099,其他运输设备
002105,其他运输设备
300825,汽车服务
601127,乘用车
603529,其他运输设备
600676,汽车服务
689009,其他运输设备
300994,其他运输设备
600733,乘用车
000757,汽车服务
600386,汽车经销商
600679,其他运输设备
600335,汽车经销商
600818,其他运输设备
600822,汽车经销商
920030,汽车经销商
200625,综合乘用车
000625,综合乘用车
600104,综合乘用车
900916,其他运输设备
601238,综合乘用车
601633,综合乘用车
600653,汽车经销商
601965,汽车服务
900915,其他运输设备
900927,汽车经销商
000572,综合乘用车
002594,乘用车
300629,国防军工
002025,国防军工
688084,国防军工
603678,国防军工
001270,国防军工
300447,国防军工
688272,国防军工
002446,国防军工
688081,国防军工
300252,国防军工
688788,国防军工
688629,国防军工
688175,国防军工
603267,国防军工
301517,国防军工
300726,国防军工
002179,国防军工
000547,国防军工
688011,国防军工
301306,国防军工
002977,国防军工
688132,国防军工
688682,国防军工
688053,国防军工
688311,国防军工
300762,国防军工
002338,国防军工
688522,国防军工
000733,国防军工
300474,国防军工
688002,国防军工
301050,国防军工
002935,国防军工
688636,国防军工
688511,国防军工
300177,国防军工
600855,国防军工
002465,国防军工
300101,国防军工
603712,国防军工
688439,国防军工
002214,国防军工
002189,国防军工
688552,国防军工
600562,国防军工
300045,国防军工
300123,国防军工
302132,国防军工
600990,国防军工
920008,国防军工
688776,国防军工
002414,国防军工
002413,国防军工
688375,国防军工
600590,国防军工
300397,国防军工
301592,国防军工
301571,国防军工
301302,国防军工
002151,国防军工
301213,国防军工
002383,国防军工
002231,国防军工
603017,建筑装饰
600667,建筑装饰
300778,建筑装饰
300844,建筑装饰
301167,建筑装饰
300983,建筑装饰
300668,建筑装饰
301027,建筑装饰
301024,建筑装饰
603909,建筑装饰
300675,建筑装饰
301365,建筑装饰
301505,建筑装饰
002949,建筑装饰
603860,建筑装饰
300989,建筑装饰
600629,建筑装饰
300746,建筑装饰
301038,建筑装饰
300564,建筑装饰
002883,建筑装饰
300635,建筑装饰
301091,建筑装饰
301136,建筑装饰
301390,建筑装饰
603153,建筑装饰
300732,建筑装饰
300500,建筑装饰
603357,建筑装饰
920892,建筑装饰
920003,建筑装饰
920427,建筑装饰
003013,建筑装饰
603018,建筑装饰
920208,建筑装饰
300284,建筑装饰
603257,建筑装饰
600720,建筑装饰
600846,建筑装饰
920149,建筑装饰
300826,建筑装饰
920873,建筑装饰
000779,建筑装饰
300977,建筑装饰
300492,建筑装饰
603458,建筑装饰
301058,建筑装饰
301580,医药生物
603309,医药生物
301234,医药生物
688016,医药生物
603880,医药生物
300677,医药生物
688026,医药生物
603301,医药生物
688013,医药生物
301033,医药生物
688613,医药生物
301097,医药生物
688314,医药生物
300326,医药生物
688351,医药生物
688085,医药生物
920180,医药生物
603976,医药生物
002901,医药生物
301188,医药生物
300238,医药生物
301122,医药生物
688366,医药生物
688236,医药生物
301093,医药生物
300653,医药生物
688581,医药生物
603987,医药生物
300453,医药生物
688108,医药生物
002950,医药生物
920050,医药生物
688617,医药生物
300595,医药生物
603205,医药生物
603718,医药生物
688161,医药生物
301370,医药生物
688050,医药生物
301087,医药生物
603014,医药生物
300529,医药生物
300003,医药生物
688198,医药生物
605369,医药生物
688576,医药生物
603222,医药生物
600529,医药生物
688151,医药生物
002382,医药生物
920166,医药生物
300981,医药生物
688029,医药生物
600706,人工景区
600593,人工景区
002059,人工景区
600138,人工景区
300144,人工景区
002486,纺织服饰
300005,纺织服饰
002780,纺织服饰
001234,纺织服饰
600108,农林牧渔
603336,农林牧渔
600359,农林牧渔
600540,农林牧渔
601118,农林牧渔
301281,原料药
300765,原料药
300966,原料药
603538,原料药
301089,原料药
301258,原料药
605507,原料药
000952,原料药
688690,原料药
300583,原料药
688758,原料药
603351,原料药
688166,原料药
001367,原料药
300636,原料药
605177,原料药
920946,原料药
603229,原料药
920478,原料药
300452,原料药
000739,原料药
301246,原料药
301065,原料药
301277,原料药
603520,原料药
002365,原料药
920367,原料药
301211,原料药
300381,原料药
300401,原料药
002817,原料药
300702,原料药
000953,原料药
605116,原料药
688076,原料药
002332,原料药
688356,原料药
301301,原料药
920230,原料药
300497,原料药
920656,原料药
300267,原料药
600488,原料药
002099,原料药
002102,原料药
600216,原料药
601789,建筑装饰
002761,建筑装饰
600170,建筑装饰
600939,建筑装饰
000628,建筑装饰
601668,建筑装饰
600491,建筑装饰
600248,建筑装饰
688157,基础化工
301037,基础化工
603110,基础化工
301036,基础化工
688129,基础化工
300665,基础化工
300522,基础化工
603062,基础化工
688571,基础化工
002319,基础化工
300758,基础化工
300225,基础化工
000565,基础化工
001335,基础化工
301209,基础化工
603823,基础化工
300246,医疗设备
688607,医疗设备
688212,医疗设备
688805,医疗设备
301290,医疗设备
688712,医疗设备
301235,医疗设备
300030,医疗设备
300314,医疗设备
688677,医疗设备
300206,医疗设备
002551,医疗设备
920300,医疗设备
301367,医疗设备
300869,医疗设备
688410,医疗设备
300562,医疗设备
300358,医疗设备
688358,医疗设备
688277,医疗设备
300049,医疗设备
688271,医疗设备
688114,医疗设备
301515,医疗设备
920504,医疗设备
600587,医疗设备
920925,医疗设备
688139,医疗设备
300760,医疗设备
300298,医疗设备
688580,医疗设备
301602,医疗设备
688301,医疗设备
920992,医疗设备
002223,医疗设备
920278,医疗设备
688273,医疗设备
300171,医疗设备
688626,医疗设备
600055,医疗设备
300753,医疗设备
300633,医疗设备
301363,医疗设备
603607,包装印刷
300501,包装印刷
600076,包装印刷
603022,包装印刷
003003,包装印刷
920163,包装印刷
688733,电力设备
688638,电力设备
688573,电力设备
002709,电力设备
688779,电力设备
002759,电力设备
300390,电力设备
300410,电力设备
301662,电力设备
301152,电力设备
920809,电力设备
603659,电力设备
688392,电力设备
300450,电力设备
688005,电力设备
688499,电力设备
300457,电力设备
301487,电力设备
300128,电力设备
300340,电力设备
300477,电力设备
301238,电力设备
300890,电力设备
688778,电力设备
688006,电力设备
920185,电力设备
603906,电力设备
300432,电力设备
301292,电力设备
300619,电力设备
920152,电力设备
300173,电力设备
688707,电力设备
920779,电力设备
300073,电力设备
603032,电力设备
001301,电力设备
600884,电力设备
002079,电力设备
300769,电力设备
301358,电力设备
688275,电力设备
300568,电力设备
920522,电力设备
002812,电力设备
301325,电力设备
300035,电力设备
300919,电力设备
002340,电力设备
300409,电力设备
688116,电力设备
688353,电力设备
301349,电力设备
603026,电力设备
688184,电力设备
300648,电力设备
688148,电力设备
300037,电力设备
000695,电力设备
002125,电力设备
002805,电力设备
605268,家居用品
003018,塑料包装
603226,瓷砖地板
603058,纸包装
300749,家居用品
002631,家居用品
301356,瓷砖地板
002799,纸包装
603091,纸包装
301223,纸包装
601515,纸包装
603385,卫浴制品
603725,瓷砖地板
603208,家居用品
002235,特种纸
300883,纸包装
002836,纸包装
301355,纸包装
301296,纸包装
600103,特种纸
002831,纸包装
920274,塑料包装
920394,特种纸
002790,卫浴制品
920075,纸包装
003011,瓷砖地板
002229,印刷
603221,瓷砖地板
002798,瓷砖地板
600235,特种纸
301469,特种纸
001279,印刷
603429,纸包装
301198,塑料包装
920392,纸包装
002084,卫浴制品
603499,纸包装
001322,卫浴制品
603408,卫浴制品
920765,家居用品
600793,特种纸
603801,家居用品
920121,印刷
001386,瓷砖地板
603180,家居用品
301062,纸包装
603326,家居用品
300616,家居用品
603216,家居用品
002521,特种纸
002014,塑料包装
301588,瓷砖地板
002303,纸包装
002599,印刷
600356,特种纸
002853,家居用品
605377,特种纸
301227,家居用品
003012,瓷砖地板
920204,塑料包装
002012,特种纸
605007,特种纸
301575,卫浴制品
002191,纸包装
000812,纸包装
002735,塑料包装
603733,特种纸
600433,特种纸
002117,印刷
002572,家居用品
603833,家居用品
002228,纸包装
000910,瓷砖地板
603898,家居用品
000659,塑料包装
600210,塑料包装
603687,纸包装
002918,瓷砖地板
002565,纸包装
920445,家居用品
603992,卫浴制品
002162,瓷砖地板
920982,医美耗材
603605,品牌化妆品
603630,品牌化妆品
000615,医疗美容
300957,品牌化妆品
300740,品牌化妆品
688363,医美耗材
300896,医美耗材
600315,品牌化妆品
301371,品牌化妆品
600223,品牌化妆品
603983,品牌化妆品
300878,中药Ⅱ
002198,中药Ⅱ
000590,中药Ⅱ
300519,中药Ⅱ
002424,中药Ⅱ
000989,中药Ⅱ
002873,中药Ⅱ
300534,中药Ⅱ
002644,中药Ⅱ
301126,医药商业
300147,中药Ⅱ
301331,中药Ⅱ
600671,中药Ⅱ
300937,医药商业
002317,中药Ⅱ
600750,中药Ⅱ
301111,中药Ⅱ
002864,中药Ⅱ
600272,医药商业
603139,中药Ⅱ
002566,中药Ⅱ
301015,医药商业
603858,中药Ⅱ
000423,中药Ⅱ
000790,中药Ⅱ
600329,中药Ⅱ
002788,医药商业
300181,中药Ⅱ
605199,中药Ⅱ
603998,中药Ⅱ
600222,中药Ⅱ
002349,中药Ⅱ
600285,中药Ⅱ
603567,中药Ⅱ
000705,医药商业
605266,线下药店
002728,中药Ⅱ
600511,医药商业
600829,医药商业
000411,医药商业
300039,中药Ⅱ
600129,中药Ⅱ
600976,中药Ⅱ
000623,中药Ⅱ
002275,中药Ⅱ
920266,中药Ⅱ
301584,医药商业
600351,中药Ⅱ
603896,中药Ⅱ
900943,医药商业
603368,医药商业
600833,线下药店
603883,线下药店
301017,线下药店
002603,中药Ⅱ
600998,医药商业
002907,中药Ⅱ
600479,中药Ⅱ
600518,中药Ⅱ
603439,中药Ⅱ
000028,医药商业
600594,中药Ⅱ
600572,中药Ⅱ
002107,中药Ⅱ
002412,中药Ⅱ
600993,中药Ⅱ
600252,中药Ⅱ
000650,中药Ⅱ
600436,中药Ⅱ
600085,中药Ⅱ
301408,线下药店
002390,医药商业
000538,中药Ⅱ
002287,中药Ⅱ
300158,中药Ⅱ
600557,中药Ⅱ
601607,医药商业
600332,中药Ⅱ
920433,中药Ⅱ
600713,医药商业
600535,中药Ⅱ
600056,医药商业
300026,中药Ⅱ
002589,医药商业
000078,医药商业
002462,医药商业
200028,医药商业
002727,线下药店
600422,中药Ⅱ
000999,中药Ⅱ
000950,医药商业
002737,中药Ⅱ
600566,中药Ⅱ
603939,线下药店
603716,医药商业
600080,中药Ⅱ
603233,线下药店
300391,中药Ⅱ
002064,基础化工
300819,纺织服饰
600156,纺织服饰
605180,纺织服饰
300918,纺织服饰
001390,纺织服饰
300877,纺织服饰
000955,纺织服饰
002144,纺织服饰
301066,纺织服饰
603130,纺织服饰
601599,纺织服饰
600527,纺织服饰
603889,纺织服饰
603055,纺织服饰
002093,教育
002659,教育
300873,交通运输
300240,交通运输
300013,交通运输
603648,交通运输
002769,交通运输
002889,交通运输
300350,交通运输
601868,基建市政工程
603601,专业工程
301046,专业工程
601226,专业工程
300982,基建市政工程
002062,基建市政工程
603959,专业工程
601133,专业工程
603929,专业工程
002743,钢结构
600284,基建市政工程
300517,钢结构
300029,专业工程
601669,基建市政工程
003001,专业工程
002593,钢结构
300384,专业工程
920174,基建市政工程
605598,专业工程
605167,专业工程
603163,专业工程
603098,钢结构
002140,专业工程
603815,基建市政工程
603176,基建市政工程
605178,专业工程
002116,专业工程
601618,专业工程
603637,专业工程
600853,基建市政工程
600496,钢结构
688425,基建市政工程
601611,基建市政工程
601390,基建市政工程
300374,基建市政工程
601186,基建市政工程
600512,基建市政工程
601800,基建市政工程
002061,基建市政工程
002628,基建市政工程
600528,基建市政工程
002586,基建市政工程
002307,基建市政工程
920019,专业工程
600502,基建市政工程
002542,专业工程
600477,钢结构
300986,专业工程
000032,专业工程
600039,基建市政工程
600970,国际工程
600820,基建市政工程
002135,钢结构
920057,钢结构
002941,基建市政工程
000498,基建市政工程
300712,专业工程
002096,基建市政工程
002323,专业工程
601117,专业工程
002541,钢结构
002051,国际工程
601096,钢结构
603843,基建市政工程
001396,基建市政工程
002469,专业工程
000928,国际工程
601068,专业工程
605289,专业工程
000065,国际工程
600769,环境治理
688335,环境治理
300899,环境治理
301148,环境治理
688565,环境治理
688096,环境治理
688057,环境治理
688466,环境治理
605081,环境治理
301127,环境治理
300929,环境治理
301372,环境治理
688156,环境治理
603817,环境治理
301519,环境治理
603291,环境治理
301203,环境治理
002778,环境治理
300961,环境治理
603759,环境治理
688101,环境治理
603903,环境治理
300425,环境治理
300388,环境治理
603200,环境治理
603797,环境治理
000685,环境治理
300422,环境治理
600168,环境治理
600796,环境治理
300266,环境治理
000605,环境治理
300774,环境治理
003039,环境治理
601368,环境治理
300437,环境治理
601199,环境治理
600874,环境治理
000598,环境治理
000544,环境治理
600187,环境治理
300070,环境治理
002573,环境治理
600008,环境治理
601158,环境治理
688069,环境治理
600461,环境治理
600283,环境治理
300334,环境治理
300692,环境治理
300172,环境治理
300664,环境治理
688119,耐火材料
603378,涂料
002225,耐火材料
300599,管材
920076,耐火材料
002392,耐火材料
920792,耐火材料
002694,管材
002088,耐火材料
300198,管材
920580,耐火材料
002641,管材
002372,管材
002066,耐火材料
603737,涂料
002457,管材
603856,管材
603219,小家电
301187,小家电
603486,小家电
688169,小家电
301332,小家电
605555,小家电
300272,小家电
603355,小家电
300469,垂直应用软件
688171,垂直应用软件
300209,垂直应用软件
688692,垂直应用软件
688479,垂直应用软件
600602,垂直应用软件
301095,垂直应用软件
300365,垂直应用软件
300559,垂直应用软件
300074,垂直应用软件
003007,垂直应用软件
688296,垂直应用软件
688206,垂直应用软件
688078,垂直应用软件
688038,垂直应用软件
300935,垂直应用软件
688291,垂直应用软件
002322,垂直应用软件
300556,垂直应用软件
300366,垂直应用软件
300730,垂直应用软件
688657,垂直应用软件
300561,垂直应用软件
002405,垂直应用软件
301195,垂直应用软件
300085,垂直应用软件
600455,垂直应用软件
688507,垂直应用软件
300520,垂直应用软件
301378,垂直应用软件
688588,垂直应用软件
920932,垂直应用软件
300188,垂直应用软件
600654,垂直应用软件
688318,垂直应用软件
688246,垂直应用软件
002920,垂直应用软件
002261,垂直应用软件
300608,垂直应用软件
000503,垂直应用软件
603528,垂直应用软件
300033,垂直应用软件
688109,垂直应用软件
300235,垂直应用软件
002362,垂直应用软件
300075,垂直应用软件
300047,垂直应用软件
300352,垂直应用软件
603927,垂直应用软件
300542,垂直应用软件
603189,垂直应用软件
688326,垂直应用软件
003029,垂直应用软件
603990,垂直应用软件
301153,垂直应用软件
300380,垂直应用软件
688615,垂直应用软件
002410,垂直应用软件
300550,垂直应用软件
300996,垂直应用软件
920799,垂直应用软件
300525,垂直应用软件
600570,垂直应用软件
688579,垂直应用软件
300465,垂直应用软件
688590,垂直应用软件
688631,垂直应用软件
300229,垂直应用软件
900901,垂直应用软件
301337,垂直应用软件
601519,垂直应用软件
688232,垂直应用软件
688083,垂直应用软件
301269,垂直应用软件
300348,垂直应用软件
002153,垂直应用软件
300663,垂直应用软件
300598,垂直应用软件
603232,垂直应用软件
920415,垂直应用软件
603383,垂直应用软件
300925,垂直应用软件
300451,垂直应用软件
300605,垂直应用软件
000948,垂直应用软件
301162,垂直应用软件
002253,垂直应用软件
300253,垂直应用软件
300579,垂直应用软件
002987,垂直应用软件
300377,垂直应用软件
301159,垂直应用软件
300803,垂直应用软件
300830,垂直应用软件
920592,垂直应用软件
300468,垂直应用软件
688118,垂直应用软件
002063,垂直应用软件
002178,垂直应用软件
920207,垂直应用软件
300226,垂直应用软件
300344,垂直应用软件
002638,照明设备Ⅱ
301362,照明设备Ⅱ
300911,厨卫电器
002429,彩电
301578,黑色家电
002848,彩电
001326,照明设备Ⅱ
002724,照明设备Ⅱ
688793,个护小家电
001387,冰洗
603215,小家电
001259,小家电
002677,厨卫电器
300824,小家电
688609,黑色家电
688696,黑色家电
605365,照明设备Ⅱ
002403,小家电
000333,白色家电
603579,其他家电Ⅱ
600261,照明设备Ⅱ
002052,黑色家电
000016,冰洗
300247,其他家电Ⅱ
002242,小家电
300625,照明设备Ⅱ
002076,照明设备Ⅱ
002723,照明设备Ⅱ
002705,小家电
600690,冰洗
605336,厨卫电器
603551,卫浴电器
920926,小家电
002614,其他家电Ⅱ
000521,冰洗
002508,厨卫电器
000810,黑色家电
300894,厨卫电器
600983,冰洗
000651,白色家电
002959,小家电
000921,白色家电
002032,小家电
603868,个护小家电
600336,冰洗
002035,厨卫电器
200541,照明设备Ⅱ
002543,卫浴电器
200512,小家电
000541,照明设备Ⅱ
603366,卫浴电器
603515,照明设备Ⅱ
603303,照明设备Ⅱ
000801,黑色家电
600060,彩电
200016,冰洗
002005,小家电
200521,冰洗
600839,彩电
002668,冰洗
920641,照明设备Ⅱ
003023,个护小家电
920339,照明设备Ⅱ
920199,个护小家电
600293,玻璃制造
601636,玻璃制造
002613,玻璃制造
900918,玻璃制造
200012,玻璃制造
000012,玻璃制造
600819,玻璃制造
600876,玻璃制造
600586,玻璃制造
000721,餐饮
605108,餐饮
002186,餐饮
002306,餐饮
688229,IT服务Ⅱ
688158,IT服务Ⅱ
920305,IT服务Ⅱ
600410,IT服务Ⅱ
688051,IT服务Ⅱ
300096,IT服务Ⅱ
300440,IT服务Ⅱ
688004,IT服务Ⅱ
000815,IT服务Ⅱ
002380,IT服务Ⅱ
300271,IT服务Ⅱ
300419,IT服务Ⅱ
300634,IT服务Ⅱ
300523,IT服务Ⅱ
301248,IT服务Ⅱ
600476,IT服务Ⅱ
688039,IT服务Ⅱ
000938,IT服务Ⅱ
300231,IT服务Ⅱ
300212,IT服务Ⅱ
300017,IT服务Ⅱ
688787,IT服务Ⅱ
300288,IT服务Ⅱ
301185,IT服务Ⅱ
300300,IT服务Ⅱ
301638,IT服务Ⅱ
688509,IT服务Ⅱ
920953,IT服务Ⅱ
301316,IT服务Ⅱ
688227,IT服务Ⅱ
301396,IT服务Ⅱ
688562,IT服务Ⅱ
300020,IT服务Ⅱ
002331,IT服务Ⅱ
003005,IT服务Ⅱ
688316,IT服务Ⅱ
300609,IT服务Ⅱ
688500,IT服务Ⅱ
002771,IT服务Ⅱ
300541,IT服务Ⅱ
603887,IT服务Ⅱ
603138,IT服务Ⅱ
301208,IT服务Ⅱ
002065,IT服务Ⅱ
300150,IT服务Ⅱ
920748,IT服务Ⅱ
002642,IT服务Ⅱ
920116,IT服务Ⅱ
301172,IT服务Ⅱ
920184,IT服务Ⅱ
300245,IT服务Ⅱ
002649,IT服务Ⅱ
600728,IT服务Ⅱ
300287,IT服务Ⅱ
920806,IT服务Ⅱ
300872,IT服务Ⅱ
002908,IT服务Ⅱ
301556,IT服务Ⅱ
688088,IT服务Ⅱ
002373,IT服务Ⅱ
300168,IT服务Ⅱ
300264,IT服务Ⅱ
688228,IT服务Ⅱ
002609,IT服务Ⅱ
600131,IT服务Ⅱ
600734,IT服务Ⅱ
300532,IT服务Ⅱ
300079,IT服务Ⅱ
300682,IT服务Ⅱ
600756,IT服务Ⅱ
002777,IT服务Ⅱ
002232,IT服务Ⅱ
920790,IT服务Ⅱ
603869,IT服务Ⅱ
300674,IT服务Ⅱ
300290,IT服务Ⅱ
920564,IT服务Ⅱ
000409,IT服务Ⅱ
603859,IT服务Ⅱ
605398,IT服务Ⅱ
600718,IT服务Ⅱ
300678,IT服务Ⅱ
600571,IT服务Ⅱ
301218,IT服务Ⅱ
688327,IT服务Ⅱ
600845,IT服务Ⅱ
600589,IT服务Ⅱ
688207,IT服务Ⅱ
688365,IT服务Ⅱ
300399,IT服务Ⅱ
300250,IT服务Ⅱ
600446,IT服务Ⅱ
600271,IT服务Ⅱ
920227,IT服务Ⅱ
300339,IT服务Ⅱ
300687,IT服务Ⅱ
603918,IT服务Ⅱ
002401,IT服务Ⅱ
301178,IT服务Ⅱ
002657,IT服务Ⅱ
300496,IT服务Ⅱ
002421,IT服务Ⅱ
002368,IT服务Ⅱ
688066,IT服务Ⅱ
900926,IT服务Ⅱ
300078,IT服务Ⅱ
002474,IT服务Ⅱ
300846,IT服务Ⅱ
600536,IT服务Ⅱ
600850,IT服务Ⅱ
300170,IT服务Ⅱ
000158,IT服务Ⅱ
000034,IT服务Ⅱ
603171,IT服务Ⅱ
688568,IT服务Ⅱ
000555,IT服务Ⅱ
301085,IT服务Ⅱ
920171,IT服务Ⅱ
600797,IT服务Ⅱ
688251,IT服务Ⅱ
300166,IT服务Ⅱ
301236,IT服务Ⅱ
300167,IT服务Ⅱ
300277,IT服务Ⅱ
920493,IT服务Ⅱ
300895,IT服务Ⅱ
002195,IT服务Ⅱ
300448,IT服务Ⅱ
688343,IT服务Ⅱ
920092,IT服务Ⅱ
920130,IT服务Ⅱ
300044,IT服务Ⅱ
688258,IT服务Ⅱ
688309,环保
688671,环保
300800,环保
300137,环保
301081,环保
603324,环保
688376,环保
688501,环保
688600,环保
001336,环保
000967,环保
600817,环保
600388,环保
000551,环保
603282,环保
300786,环保
301288,环保
300631,环保
002658,环保
920145,环保
301030,环保
603126,环保
600526,环保
002645,环保
300210,环保
000890,环保
000820,环保
600365,商贸零售
002024,商贸零售
603613,商贸零售
603958,纺织服饰
603557,纺织服饰
300952,纺织服饰
603307,纺织服饰
603116,纺织服饰
603908,纺织服饰
300591,纺织服饰
603001,纺织服饰
603608,纺织服饰
300577,纺织服饰
603665,纺织服饰
300938,专业服务
301169,其他专业服务
301228,专业服务
301449,专业服务
301115,专业服务
003008,专业服务
300416,专业服务
301632,专业服务
600730,培训教育
688757,专业服务
300192,培训教育
300795,专业服务
603183,专业服务
600661,培训教育
300860,专业服务
003032,培训教育
301508,专业服务
300662,人力资源服务
301289,专业服务
920753,专业服务
300359,培训教育
002967,专业服务
300797,专业服务
920160,专业服务
600636,教育运营及其他
603373,其他专业服务
603060,专业服务
000526,培训教育
300012,专业服务
920039,其他专业服务
603377,培训教育
600662,人力资源服务
300572,专业服务
600826,专业服务
300887,专业服务
920122,专业服务
600861,人力资源服务
600880,教育运营及其他
002057,专业服务
300688,培训教育
300010,教育运营及其他
605098,培训教育
002607,培训教育
300338,培训教育
688334,专业服务
300962,其他专业服务
300215,专业服务
002634,纺织服饰
002485,纺织服饰
002569,纺织服饰
603196,纺织服饰
600137,纺织服饰
002494,纺织服饰
002193,纺织服饰
300901,纺织服饰
002029,纺织服饰
002404,纺织服饰
002762,纺织服饰
002875,纺织服饰
002687,纺织服饰
001209,纺织服饰
003016,纺织服饰
002763,纺织服饰
603839,纺织服饰
600398,纺织服饰
301088,纺织服饰
002832,纺织服饰
301276,纺织服饰
603877,纺织服饰
603808,纺织服饰
603518,纺织服饰
605138,纺织服饰
601566,纺织服饰
603511,纺织服饰
600630,纺织服饰
603587,纺织服饰
002612,纺织服饰
002269,纺织服饰
600400,纺织服饰
600177,纺织服饰
300840,纺织服饰
002563,纺织服饰
600107,纺织服饰
002154,纺织服饰
002656,纺织服饰
601718,纺织服饰
002531,电力设备
300904,电力设备
301232,电力设备
301456,电力设备
300129,电力设备
300690,电力设备
603218,电力设备
300443,电力设备
300850,电力设备
301557,电力设备
603092,电力设备
301163,电力设备
600072,电力设备
300185,电力设备
300569,电力设备
000809,电力设备
601218,电力设备
301155,电力设备
301040,电力设备
601026,电力设备
002487,电力设备
603063,电力设备
603985,电力设备
603248,电力设备
603507,电力设备
605003,家纺
003041,家纺
002293,家纺
002397,家纺
002327,家纺
920262,家纺
603365,家纺
002534,火电设备
002630,火电设备
002255,火电设备
601727,综合电力设备商
300105,火电设备
301327,储能
600875,综合电力设备商
688063,储能
688717,储能
603225,基础化工
688295,基础化工
300876,基础化工
603073,基础化工
605166,锦纶
688722,基础化工
920077,基础化工
603332,基础化工
002254,基础化工
000782,锦纶
603382,锦纶
002206,基础化工
000936,基础化工
601113,锦纶
301057,基础化工
300905,基础化工
002998,基础化工
603406,基础化工
002427,基础化工
001369,基础化工
600063,基础化工
600370,基础化工
600810,锦纶
603777,食品饮料
002847,食品饮料
002582,食品饮料
300783,食品饮料
603697,食品饮料
002991,食品饮料
603719,食品饮料
000716,食品饮料
003000,食品饮料
300972,食品饮料
002557,食品饮料
301381,商贸零售
300592,商贸零售
300464,商贸零售
301558,商贸零售
002640,商贸零售
002315,商贸零售
002803,商贸零售
300395,航空装备Ⅱ
300900,航空装备Ⅱ
688287,航空装备Ⅱ
002297,航空装备Ⅱ
603268,航海装备Ⅱ
688510,航空装备Ⅱ
300424,航空装备Ⅱ
605123,航空装备Ⅱ
688237,航空装备Ⅱ
600893,航空装备Ⅱ
300965,航空装备Ⅱ
688523,航天装备Ⅱ
002829,航天装备Ⅱ
600184,地面兵装Ⅱ
600862,航空装备Ⅱ
002111,航空装备Ⅱ
600316,航空装备Ⅱ
300034,航空装备Ⅱ
002933,航空装备Ⅱ
600118,航天装备Ⅱ
603261,航空装备Ⅱ
300696,航空装备Ⅱ
301586,航空装备Ⅱ
300810,航海装备Ⅱ
002023,航空装备Ⅱ
600765,航空装备Ⅱ
600685,航海装备Ⅱ
688563,航空装备Ⅱ
688708,航空装备Ⅱ
002985,航空装备Ⅱ
600038,航空装备Ⅱ
300065,航海装备Ⅱ
000561,航空装备Ⅱ
688586,航空装备Ⅱ
300922,地面兵装Ⅱ
300777,航空装备Ⅱ
300719,航空装备Ⅱ
688685,航空装备Ⅱ
000576,地面兵装Ⅱ
000519,地面兵装Ⅱ
002651,航空装备Ⅱ
601890,航海装备Ⅱ
000738,航空装备Ⅱ
002625,航空装备Ⅱ
300699,航空装备Ⅱ
300527,地面兵装Ⅱ
000768,航空装备Ⅱ
600967,地面兵装Ⅱ
300775,航空装备Ⅱ
300008,航海装备Ⅱ
600391,航空装备Ⅱ
600372,航空装备Ⅱ
300600,航海装备Ⅱ
688122,航空装备Ⅱ
300589,航海装备Ⅱ
600760,航空装备Ⅱ
688281,航空装备Ⅱ
300581,航空装备Ⅱ
688282,航天装备Ⅱ
300722,航天装备Ⅱ
002519,地面兵装Ⅱ
600879,航天装备Ⅱ
600764,航海装备Ⅱ
688818,航天装备Ⅱ
688239,航空装备Ⅱ
000697,航空装备Ⅱ
600150,航海装备Ⅱ
920642,航空装备Ⅱ
301357,地面兵装Ⅱ
601698,航天装备Ⅱ
601606,地面兵装Ⅱ
003009,航天装备Ⅱ
920006,航空装备Ⅱ
600435,地面兵装Ⅱ
688543,地面兵装Ⅱ
688070,航空装备Ⅱ
002389,航空装备Ⅱ
688297,航空装备Ⅱ
300875,地面兵装Ⅱ
002674,纺织服饰
002098,纺织服饰
920527,纺织服饰
002003,纺织服饰
688660,电力设备
601615,电力设备
688349,电力设备
300772,电力设备
002202,电力设备
688178,固废治理
000035,固废治理
000711,综合环境治理
688701,综合环境治理
688679,固废治理
301049,固废治理
301068,固废治理
300385,大气治理
600133,综合环境治理
300614,固废治理
300864,综合环境治理
603315,大气治理
300958,综合环境治理
300815,固废治理
300867,固废治理
300854,固废治理
300190,综合环境治理
603568,固废治理
600323,固废治理
003027,大气治理
301265,固废治理
002973,固废治理
603588,固废治理
300152,综合环境治理
603177,大气治理
002887,综合环境治理
301109,固废治理
605069,综合环境治理
000068,综合环境治理
000885,固废治理
920802,大气治理
603686,综合环境治理
002034,固废治理
301259,综合环境治理
600292,大气治理
920370,固废治理
600217,固废治理
601827,固废治理
301175,固废治理
601033,固废治理
688370,固废治理
601200,固废治理
301500,固废治理
300140,固废治理
000546,固废治理
920263,大气治理
001230,固废治理
002210,固废治理
300187,综合环境治理
300056,大气治理
002672,固废治理
002266,固废治理
300779,固废治理
601330,固废治理
301305,固废治理
000826,综合环境治理
688480,综合环境治理
600189,食品饮料
603156,食品饮料
603711,食品饮料
600300,食品饮料
605337,食品饮料
605499,食品饮料
300997,食品饮料
000848,食品饮料
002558,传媒
603258,传媒
300113,传媒
603444,传媒
300052,传媒
300533,传媒
300031,传媒
300467,传媒
600715,传媒
300002,传媒
002517,传媒
600892,传媒
002919,传媒
600633,传媒
300315,传媒
300299,传媒
002555,传媒
300459,传媒
002602,传媒
300494,传媒
002605,传媒
002624,传媒
002174,传媒
300043,传媒
002425,游戏Ⅱ
300413,传媒
603916,水泥
605122,水泥
002398,水泥
000672,水泥制造
003037,水泥
600678,水泥制造
002671,水泥
002596,水泥
600801,水泥制造
002205,水泥
000401,水泥制造
002302,水泥
600449,水泥制造
600326,水泥制造
002233,水泥制造
600585,水泥制造
600668,水泥制造
000789,水泥制造
600802,水泥制造
000877,水泥制造
601992,水泥制造
603616,水泥
600425,水泥制造
600493,棉纺
002042,棉纺
603558,棉纺
300979,纺织鞋类制造
000850,棉纺
000726,棉纺
200726,棉纺
002083,棉纺
601339,棉纺
002394,棉纺
600996,传媒
920021,传媒
000917,传媒
600037,传媒
600959,传媒
600831,传媒
002238,传媒
301551,传媒
000665,传媒
000156,传媒
600637,传媒
600936,传媒
300770,传媒
601929,传媒
002731,钟表珠宝
000026,钟表珠宝
002345,钟表珠宝
002574,钟表珠宝
600439,饰品
000017,钟表珠宝
002867,钟表珠宝
603900,钟表珠宝
200026,钟表珠宝
600612,钟表珠宝
605599,钟表珠宝
900905,钟表珠宝
301177,钟表珠宝
002721,钟表珠宝
200017,钟表珠宝
300945,钟表珠宝
600916,钟表珠宝
600735,饰品
002188,房地产
002968,房地产
000056,房地产
603506,房地产
300917,房地产
001914,房地产
600136,房地产
200056,房地产
301231,传媒
301025,传媒
002181,传媒
301052,传媒
603230,传媒
601858,传媒
000793,传媒
601999,传媒
603096,传媒
601801,传媒
600551,传媒
601949,传媒
600229,传媒
300788,传媒
000719,传媒
600373,传媒
603999,传媒
600825,传媒
300418,传媒
300295,传媒
600228,传媒
300987,传媒
301299,传媒
603888,传媒
300785,传媒
002095,传媒
603000,传媒
600771,中药Ⅱ
301498,农林牧渔
002891,农林牧渔
300673,农林牧渔
920419,农林牧渔
000014,房地产开发
600376,房地产开发
600708,房地产开发
000631,房地产开发
000609,房地产开发
600854,房地产开发
000863,房地产开发
000006,房地产开发
600692,房地产开发
600683,房地产开发
600510,房地产开发
600208,房地产开发
000029,房地产开发
000011,房地产开发
600533,房地产开发
600791,房地产开发
000042,房地产开发
000573,房地产开发
000036,房地产开发
000718,房地产开发
000736,房地产开发
000090,房地产开发
000514,房地产开发
600748,房地产开发
000797,房地产开发
000517,房地产开发
600736,房地产开发
000897,房地产开发
600716,房地产开发
600322,房地产开发
002244,房地产开发
600503,房地产开发
000838,房地产开发
600675,房地产开发
000656,房地产开发
600622,房地产开发
200029,房地产开发
600383,房地产开发
600159,房地产开发
600606,房地产开发
600665,房地产开发
002208,房地产开发
600266,房地产开发
600162,房地产开发
000002,房地产开发
200011,房地产开发
600657,房地产开发
600173,房地产开发
000965,房地产开发
600064,房地产开发
002146,房地产开发
002133,房地产开发
002016,房地产开发
000926,房地产开发
000668,房地产开发
600773,房地产开发
600094,房地产开发
600325,房地产开发
600246,房地产开发
900940,房地产开发
600638,房地产开发
600048,房地产开发
000909,房地产开发
601588,房地产开发
600649,房地产开发
000620,房地产开发
002314,房地产开发
600539,电商服务
301001,电商服务
300518,电商服务
300792,电商服务
605136,电商服务
301110,电商服务
002127,电商服务
003010,电商服务
603871,交通运输
001228,交通运输
600119,交通运输
603535,交通运输
001220,交通运输
601598,交通运输
603967,交通运输
603836,交通运输
603128,交通运输
001391,交通运输
603117,交通运输
920351,交通运输
601156,交通运输
002616,公用事业
600250,商贸零售
002072,商贸零售
600128,商贸零售
002183,商贸零售
000701,商贸零售
600287,商贸零售
000151,商贸零售
601061,商贸零售
600710,商贸零售
002091,商贸零售
600278,商贸零售
600981,商贸零售
600058,商贸零售
600608,商贸零售
000007,一般零售
600605,一般零售
600415,一般零售
603682,一般零售
300947,一般零售
002818,一般零售
000061,一般零售
002344,一般零售
600743,一般零售
000785,一般零售
200058,一般零售
600655,一般零售
601828,一般零售
000058,一般零售
600790,一般零售
600113,一般零售
300313,农林牧渔
002321,农林牧渔
600965,农林牧渔
600724,房产租赁经纪
002285,房产租赁经纪
000560,房产租赁经纪
300915,食品饮料
002946,食品饮料
002732,食品饮料
002329,食品饮料
002910,食品饮料
300892,食品饮料
300898,食品饮料
605388,食品饮料
001318,食品饮料
605179,食品饮料
300106,食品饮料
600419,食品饮料
600429,食品饮料
600882,食品饮料
600887,食品饮料
920786,食品饮料
605300,食品饮料
002570,食品饮料
600597,食品饮料
300731,基础化工
300767,基础化工
301459,基础化工
300587,基础化工
920225,基础化工
001325,基础化工
300320,基础化工
920665,基础化工
002381,基础化工
002224,基础化工
920834,基础化工
603033,基础化工
920098,基础化工
920694,基础化工
603799,能源金属
000608,商业地产
900939,商业地产
600082,产业地产
600463,产业地产
600895,产业地产
601512,产业地产
600848,产业地产
600604,产业地产
002305,商业地产
600239,商业地产
000069,商业地产
600648,产业地产
600658,产业地产
600639,产业地产
900911,产业地产
900932,商业地产
900928,产业地产
900912,产业地产
900902,产业地产
600663,商业地产
600340,产业地产
000402,商业地产
600007,商业地产
000031,商业地产
001979,商业地产
601155,商业地产
002295,工业金属
601168,工业金属
603993,工业金属
601609,工业金属
601899,工业金属
300697,工业金属
002171,工业金属
601212,工业金属
600362,工业金属
603979,工业金属
600711,工业金属
000878,工业金属
603527,工业金属
002203,工业金属
600490,工业金属
000630,工业金属
000737,工业金属
600573,食品饮料
000929,食品饮料
000729,食品饮料
002461,食品饮料
600600,食品饮料
600132,食品饮料
000752,食品饮料
605577,教育出版
300148,教育出版
601811,教育出版
300654,教育出版
601098,教育出版
601921,教育出版
601900,教育出版
601928,教育出版
600757,教育出版
601019,教育出版
603779,食品饮料
600543,食品饮料
600616,食品饮料
600084,食品饮料
601579,食品饮料
600059,食品饮料
000869,食品饮料
600238,食品饮料
200869,食品饮料
002568,食品饮料
002820,食品饮料
002719,食品饮料
603886,食品饮料
603517,熟食
002956,食品饮料
603866,食品饮料
001219,食品饮料
002695,熟食
300973,食品饮料
603043,食品饮料
605339,食品饮料
603057,熟食
002100,农林牧渔
002548,农林牧渔
000702,农林牧渔
603151,农林牧渔
002567,农林牧渔
603609,农林牧渔
001366,农林牧渔
603363,农林牧渔
002385,农林牧渔
688556,光伏设备
300776,光伏设备
000821,光伏设备
920368,光伏设备
300316,光伏设备
688726,光伏设备
300751,光伏设备
603396,光伏设备
300724,光伏设备
688516,光伏设备
920414,光伏设备
600628,百货
000679,百货
002356,一般零售
002277,百货
600778,一般零售
000715,百货
603101,一般零售
600857,百货
601116,超市
600697,一般零售
000417,一般零售
900923,一般零售
000419,一般零售
600814,百货
000564,百货
000501,百货
601086,百货
600858,一般零售
600185,旅游零售Ⅱ
600859,百货
605188,超市
600865,百货
600712,百货
603708,超市
002561,百货
600694,一般零售
000882,百货
002697,超市
600824,一般零售
600838,一般零售
002251,超市
600729,一般零售
601888,旅游零售Ⅱ
000759,超市
600327,百货
601366,一般零售
600827,一般零售
601933,超市
601010,一般零售
002419,百货
600738,百货
002187,百货
600785,一般零售
600280,百货
600693,百货
603123,百货
600828,百货
600265,农林牧渔
002679,农林牧渔
000592,农林牧渔
000663,农林牧渔
600053,多元金融
000567,多元金融
000532,多元金融
000935,多元金融
301219,能源金属
300618,能源金属
601601,非银金融
601628,非银金融
601318,非银金融
601336,非银金融
601319,非银金融
603636,IT服务Ⅱ
301313,其他数字媒体
000681,图片媒体
300364,文字媒体
603466,其他数字媒体
603533,文字媒体
002626,食品加工
603102,食品加工
600530,食品加工
920429,食品加工
300791,食品加工
603262,食品加工
300146,食品加工
600381,食品加工
000639,食品加工
300727,基础化工
300019,基础化工
002211,基础化工
300041,基础化工
002909,基础化工
605399,基础化工
603281,基础化工
603260,基础化工
300821,基础化工
603155,基础化工
300071,营销代理
300426,影视院线
603729,营销代理
002712,营销代理
301102,广告营销
300291,影视院线
603602,营销代理
300027,影视院线
300612,营销代理
300063,营销代理
000676,营销代理
300242,营销代理
002343,影视院线
002027,广告营销
600640,营销代理
301262,营销代理
603825,营销代理
600088,影视院线
605168,营销代理
002264,营销代理
600977,影视院线
002905,院线
002739,院线
000802,影视院线
002878,营销代理
002995,营销代理
600556,营销代理
300251,影视院线
301171,营销代理
300133,影视院线
603721,影视院线
300058,营销代理
300528,院线
002400,营销代理
300182,影视院线
300061,营销代理
000607,广告营销
601595,影视院线
603598,营销代理
300781,营销代理
002291,营销代理
600986,营销代理
600358,营销代理
000892,影视院线
300805,营销代理
603103,院线
002354,营销代理
001330,影视院线
601021,交通运输
600029,交通运输
600221,交通运输
601111,交通运输
002928,交通运输
600115,交通运输
603885,交通运输
900945,交通运输
000099,交通运输
002696,水产饲料
603668,水产饲料
001313,水产饲料
002311,水产饲料
600897,交通运输
600009,交通运输
600515,交通运输
600004,交通运输
000089,交通运输
301373,基础化工
605366,基础化工
002591,基础化工
300910,基础化工
688659,基础化工
002453,基础化工
300535,基础化工
688199,基础化工
301076,基础化工
301212,基础化工
301617,基础化工
688357,基础化工
688350,基础化工
688133,基础化工
301059,基础化工
603125,基础化工
300174,基础化工
688625,基础化工
301077,基础化工
300637,基础化工
300169,基础化工
688398,基础化工
002802,基础化工
001358,基础化工
603217,基础化工
002455,基础化工
300801,基础化工
603181,基础化工
688179,基础化工
002666,基础化工
688269,基础化工
688267,基础化工
603867,基础化工
300405,基础化工
300163,基础化工
920015,基础化工
001218,基础化工
002810,基础化工
603722,基础化工
603285,基础化工
301100,基础化工
920033,基础化工
603004,基础化工
301149,基础化工
301518,基础化工
603010,基础化工
603948,基础化工
920402,基础化工
603120,基础化工
300530,基础化工
920974,基础化工
300610,基础化工
600273,基础化工
600165,基础化工
300214,基础化工
920957,基础化工
002549,基础化工
603065,基础化工
603255,基础化工
300109,基础化工
688196,基础化工
301286,基础化工
002809,基础化工
300641,基础化工
300721,基础化工
000881,基础化工
002971,基础化工
603276,基础化工
603334,基础化工
603822,基础化工
688065,基础化工
002430,基础化工
920519,基础化工
920471,基础化工
300072,基础化工
920099,基础化工
600500,基础化工
002637,基础化工
300596,基础化工
002298,输变电设备
002350,电网设备
000533,输变电设备
688191,电网自动化设备
000720,电网设备
301361,电网设备
603618,电网设备
688248,电网自动化设备
601877,电网设备
002169,电网自动化设备
002879,电网设备
688503,光伏设备
603606,电网设备
603897,电网设备
301002,输变电设备
300118,光伏设备
688226,电网设备
603016,电网设备
603530,电网设备
301295,输变电设备
688681,电网自动化设备
002706,电网设备
601567,电网设备
300842,光伏设备
603556,电工仪器仪表
688663,电网自动化设备
002865,光伏设备
920037,电网设备
600869,电网设备
688611,电网自动化设备
002506,光伏设备
603778,光伏设备
600481,光伏设备
300423,输变电设备
603097,输变电设备
603381,光伏设备
002270,输变电设备
300932,电网设备
002056,光伏设备
300018,电网自动化设备
688597,电工仪器仪表
300853,电网自动化设备
002606,电网设备
002980,电工仪器仪表
301386,电网设备
603333,电网设备
601616,电网设备
688560,光伏设备
300283,电网设备
603050,电网自动化设备
300514,电工仪器仪表
688517,电网设备
688598,光伏设备
002346,电网设备
300345,光伏设备
301012,输变电设备
300069,电网设备
600577,电网设备
300670,电网设备
600151,光伏设备
300933,电网设备
002560,电网设备
002300,电网设备
603312,输变电设备
688680,光伏设备
301291,电网设备
600379,输变电设备
002276,电网设备
301168,光伏设备
603829,电网设备
002927,电网设备
300001,输变电设备
300407,电网自动化设备
002452,输变电设备
603191,输变电设备
300510,电网自动化设备
688616,电工仪器仪表
603806,光伏设备
002692,电网设备
601700,电网设备
300490,电网自动化设备
002882,电网设备
601865,光伏设备
002857,电工仪器仪表
001208,电网设备
605222,电网设备
688472,光伏设备
603577,电网设备
002090,电网自动化设备
300617,输变电设备
300141,电网设备
603185,光伏主材
688676,输变电设备
002953,电网设备
920007,光伏设备
002441,电网设备
603212,光伏设备
601179,输变电设备
301179,电网自动化设备
300274,逆变器
601222,电工仪器仪表
600067,电网设备
301636,光伏设备
001388,电网自动化设备
920062,输变电设备
300341,电网设备
002533,电网设备
001269,光伏设备
603628,光伏设备
600885,电网自动化设备
300286,电工仪器仪表
002168,电网设备
300393,光伏设备
688408,光伏设备
300051,光伏设备
603398,光伏设备
600207,光伏设备
002623,光伏设备
002339,电网自动化设备
601012,光伏主材
603070,电网设备
920770,光伏设备
300093,光伏设备
000400,电网自动化设备
002309,光伏设备
301266,光伏设备
300265,电网设备
688599,光伏设备
300360,电工仪器仪表
301082,电网设备
002129,光伏设备
600268,电网自动化设备
600550,输变电设备
920556,电工仪器仪表
688303,光伏设备
002546,电工仪器仪表
002459,光伏设备
688429,光伏设备
301439,电网设备
600973,电网设备
000682,电网自动化设备
920682,电网设备
600312,输变电设备
301278,光伏设备
301609,电网自动化设备
001382,电网设备
002028,输变电设备
301388,电网设备
600525,输变电设备
605066,电网设备
300827,逆变器
002121,电工仪器仪表
600192,输变电设备
605196,电网设备
300222,电网自动化设备
002451,电网设备
300427,电网自动化设备
600732,光伏设备
688032,逆变器
920639,电网设备
688348,逆变器
600406,电网自动化设备
920111,电网设备
603861,电网设备
600089,输变电设备
600468,电网设备
300080,光伏设备
920118,电网设备
002112,输变电设备
920985,光伏设备
920167,光伏设备
920018,电网设备
301668,电网设备
300882,电工仪器仪表
300763,逆变器
601126,电网自动化设备
300062,输变电设备
002358,输变电设备
300444,输变电设备
920046,输变电设备
600537,光伏设备
688330,电网自动化设备
002498,电网设备
920496,输变电设备
003022,光伏设备
605117,逆变器
920299,电网自动化设备
688390,逆变器
002471,电网设备
301120,输变电设备
920508,电网自动化设备
300880,电工仪器仪表
301658,逆变器
920375,电网自动化设备
600438,光伏主材
300328,铝
603115,铝
002824,铝
002428,小金属
920068,小金属
600615,铝
002988,铝
300337,铝
002192,锂
603132,工业金属
000975,黄金
000960,小金属
688750,小金属
002149,小金属
603876,铝
600456,小金属
600489,黄金
000762,锂
002460,锂
600301,小金属
600259,稀土
603937,铝
600361,铝
002466,锂
601020,工业金属
600338,工业金属
002240,锂
301026,小金属
600768,铝
002738,锂
600531,工业金属
605208,铝
600497,工业金属
601702,铝
920634,工业金属
002182,小金属
600988,黄金
002114,工业金属
002996,铝
600547,黄金
600961,工业金属
002978,小金属
002540,铝
000962,小金属
002756,锂
603271,铝
600459,小金属
600111,稀土
300057,铝
600392,稀土
002237,黄金
000060,工业金属
601958,钼
600549,钨
000688,工业金属
000657,钨
000758,工业金属
000506,黄金
000831,稀土
001280,小金属
000751,工业金属
603399,锂
002842,钨
002501,铝
601069,黄金
601677,铝
002160,铝
002155,黄金
003038,铝
002578,铝
601388,铝
600281,小金属
002378,钨
002167,小金属
000612,铝
601600,铝
600888,铝
600219,铝
002379,铝
000807,铝
002532,铝
300139,黄金
600595,铝
001337,黄金
000933,铝
200596,白酒Ⅱ
603170,调味发酵品Ⅱ
603755,调味发酵品Ⅱ
605567,食品加工
001215,食品加工
605089,食品加工
603237,食品加工
603536,食品加工
300908,调味发酵品Ⅱ
600186,调味发酵品Ⅱ
002495,调味发酵品Ⅱ
002650,调味发酵品Ⅱ
002330,肉制品
000799,白酒Ⅱ
002515,肉制品
002661,食品加工
002840,肉制品
603589,白酒Ⅱ
603369,白酒Ⅱ
600696,白酒Ⅱ
603919,白酒Ⅱ
000858,白酒Ⅱ
600519,白酒Ⅱ
600298,调味发酵品Ⅱ
603345,食品加工
600702,白酒Ⅱ
000529,肉制品
600073,肉制品
600559,白酒Ⅱ
000568,白酒Ⅱ
002726,肉制品
603317,调味发酵品Ⅱ
002646,白酒Ⅱ
000596,白酒Ⅱ
920826,食品加工
600197,白酒Ⅱ
000860,白酒Ⅱ
605338,食品加工
600779,白酒Ⅱ
000995,白酒Ⅱ
603696,调味发酵品Ⅱ
920726,调味发酵品Ⅱ
600199,白酒Ⅱ
002304,白酒Ⅱ
603288,调味发酵品Ⅱ
002507,调味发酵品Ⅱ
002216,食品加工
603027,调味发酵品Ⅱ
603198,白酒Ⅱ
000895,肉制品
600305,调味发酵品Ⅱ
002702,食品加工
600809,白酒Ⅱ
600872,调味发酵品Ⅱ
600016,银行
600015,银行
600000,银行
600036,银行
601166,银行
601818,银行
601998,银行
601916,银行
000001,银行
300829,基础化工
002166,基础化工
603079,基础化工
603739,基础化工
300200,聚氨酯
300848,聚氨酯
002360,民爆制品
605566,纺织化学制品
002497,民爆制品
003002,民爆制品
603980,纺织化学制品
603041,聚氨酯
603977,民爆制品
300798,纺织化学制品
301156,基础化工
002917,民爆制品
002326,氟化工
002597,基础化工
603192,聚氨酯
002915,氟化工
605020,氟化工
301585,纺织化学制品
301618,纺织化学制品
600160,氟化工
603379,氟化工
300321,聚氨酯
688089,基础化工
301206,基础化工
002827,民爆制品
002440,纺织化学制品
300741,基础化工
603020,基础化工
300858,基础化工
920016,基础化工
002001,基础化工
300343,氟化工
002407,氟化工
603235,基础化工
301220,基础化工
600352,纺织化学制品
605016,基础化工
920422,基础化工
603968,基础化工
603505,氟化工
603310,氟化工
603188,纺织化学制品
300107,纺织化学制品
688639,基础化工
002562,基础化工
600378,氟化工
002037,民爆制品
603172,纺织化学制品
002683,民爆制品
002054,纺织化学制品
603790,纺织化学制品
600866,基础化工
002783,民爆制品
920261,聚氨酯
002246,民爆制品
300067,纺织化学制品
603227,民爆制品
002165,聚氨酯
605077,基础化工
600309,聚氨酯
600873,基础化工
600230,聚氨酯
002226,民爆制品
600299,基础化工
301300,炭黑
603650,基础化工
001207,炭黑
605183,炭黑
300121,基础化工
002753,炭黑
002442,炭黑
002068,炭黑
603878,普钢
601686,普钢
000778,普钢
600753,原材料供应链服务
001202,原材料供应链服务
605050,原材料供应链服务
603569,公路货运
002800,公路货运
603066,仓储物流
603329,原材料供应链服务
002492,仓储物流
600787,仓储物流
600755,原材料供应链服务
600704,原材料供应链服务
600153,原材料供应链服务
002682,公路货运
603713,仓储物流
600180,原材料供应链服务
000906,原材料供应链服务
600057,原材料供应链服务
002010,公路货运
600794,仓储物流
000626,原材料供应链服务
603813,公路货运
600603,原材料供应链服务
002930,仓储物流
600561,铁路公路
600650,铁路公路
600834,铁路公路
600611,铁路公路
900903,铁路公路
603069,铁路公路
900914,铁路公路
002357,铁路公路
003816,公用事业
000958,公用事业
601985,公用事业
603477,农林牧渔
000048,农林牧渔
001201,农林牧渔
600975,农林牧渔
605296,农林牧渔
002157,农林牧渔
000735,农林牧渔
000876,农林牧渔
002124,农林牧渔
300498,农林牧渔
002714,农林牧渔
002141,农林牧渔
600201,农林牧渔
688526,农林牧渔
688098,农林牧渔
300119,农林牧渔
002688,农林牧渔
300871,农林牧渔
920275,农林牧渔
603566,农林牧渔
600195,农林牧渔
920729,农林牧渔
920970,农林牧渔
002868,农林牧渔
601872,航运港口
000582,港口
600026,航运港口
001317,铁路公路
600751,航运港口
000548,高速公路
002040,港口
600428,航运港口
600798,航运港口
000886,高速公路
601000,港口
600179,航运港口
001965,高速公路
601018,港口
000905,港口
601188,高速公路
200429,高速公路
001213,铁路公路
600017,港口
002320,航运港口
601083,航运港口
600106,高速公路
600548,高速公路
900938,航运港口
600717,港口
000557,铁路公路
001205,航运港口
600279,港口
601866,航运港口
601518,高速公路
601333,铁路公路
201872,港口
600125,铁路公路
000828,高速公路
603565,航运港口
600033,高速公路
600020,高速公路
601975,航运港口
000520,航运港口
000088,港口
603167,航运港口
600018,港口
000429,高速公路
601816,铁路公路
601022,航运港口
000900,高速公路
000755,高速公路
601006,铁路公路
600377,高速公路
600035,高速公路
601228,港口
600350,高速公路
600269,高速公路
601298,港口
600368,高速公路
001872,港口
601326,港口
601008,港口
601919,航运港口
601880,港口
603162,航运港口
603209,航运港口
601107,高速公路
600012,高速公路
920571,航运港口
600257,渔业
600467,渔业
002069,渔业
300094,渔业
600227,氮肥
300804,农化制品
002734,农化制品
301190,化学原料
603663,化学原料
000408,钾肥
603360,农化制品
000691,化学原料
605033,农化制品
603077,磷肥及磷化工
301069,化学原料
603810,农化制品
600331,磷肥及磷化工
001231,农化制品
920489,化学原料
003017,化学原料
600784,化学原料
603938,化学原料
301035,农化制品
603067,化学原料
300082,化学原料
900906,化学原料
002942,农化制品
920819,农化制品
301256,化学原料
002215,农化制品
603213,氯碱
002250,农化制品
300796,农化制品
000525,农化制品
002999,复合肥
002496,农化制品
603086,农化制品
600929,化学原料
003042,农化制品
000792,钾肥
300261,农化制品
002136,钛白粉
603585,农化制品
603639,农化制品
002470,复合肥
001217,化学原料
300575,农化制品
000510,氯碱
200553,农化制品
002749,农化制品
601065,纯碱
920866,农化制品
002391,农化制品
900908,氯碱
600596,农化制品
600731,农化制品
000635,氯碱
603970,农化制品
002538,复合肥
301118,化学原料
603395,复合肥
600141,磷肥及磷化工
600423,化学原料
600623,煤化工
600610,化学原料
002258,农化制品
300387,复合肥
002601,钛白粉
603599,农化制品
002895,磷肥及磷化工
002748,氯碱
603299,化学原料
603113,化学原料
900921,煤化工
000818,氯碱
600078,磷肥及磷化工
600955,化学原料
600409,纯碱
000902,复合肥
600844,煤化工
301665,农化制品
900909,煤化工
920304,化学原料
600096,磷肥及磷化工
600727,钛白粉
300891,钛白粉
000731,氮肥
000707,纯碱
002312,磷肥及磷化工
600935,氯碱
002386,氯碱
600486,农化制品
600389,农化制品
002170,复合肥
000822,纯碱
000990,煤化工
300505,磷肥及磷化工
601678,氯碱
002539,复合肥
600691,氮肥
000683,纯碱
002145,钛白粉
600328,化学原料
600319,氯碱
002513,农化制品
600426,氮肥
000912,氮肥
600367,化学原料
600714,化学原料
600746,煤化工
920159,复合肥
002274,煤化工
000422,氮肥
000545,钛白粉
000553,农化制品
002109,化学原料
000893,钾肥
300927,化学原料
601568,氯碱
002545,钾肥
600722,煤化工
600470,磷肥及磷化工
600618,氯碱
601216,氯碱
000830,煤化工
600989,煤化工
600075,氯碱
002648,化学原料
002092,氯碱
600599,多元金融
000987,多元金融
600120,多元金融
600830,多元金融
600061,多元金融
600643,多元金融
600390,多元金融
002423,多元金融
600318,多元金融
000617,多元金融
300087,种子
600371,种子
600598,粮食种植
000713,种子
000998,种子
002041,种子
600313,种子
300189,种子
601952,粮食种植
600354,种子
920403,种子
920087,种子
000415,多元金融
603300,多元金融
600901,多元金融
002797,证券Ⅱ
601108,证券Ⅱ
600927,期货
002647,金融信息服务
601696,证券Ⅱ
600918,证券Ⅱ
600621,证券Ⅱ
601456,证券Ⅱ
601788,证券Ⅱ
600109,证券Ⅱ
601901,证券Ⅱ
002673,证券Ⅱ
002939,证券Ⅱ
000166,证券Ⅱ
601878,证券Ⅱ
002736,证券Ⅱ
000686,证券Ⅱ
600030,证券Ⅱ
000563,信托
601688,证券Ⅱ
002500,证券Ⅱ
600958,证券Ⅱ
000728,证券Ⅱ
600095,证券Ⅱ
600864,证券Ⅱ
600369,证券Ⅱ
601198,证券Ⅱ
000783,证券Ⅱ
600816,信托
601059,证券Ⅱ
601211,证券Ⅱ
600909,证券Ⅱ
600999,证券Ⅱ
601995,证券Ⅱ
300059,证券Ⅱ
600517,信托
601990,证券Ⅱ
000776,证券Ⅱ
601236,证券Ⅱ
601162,证券Ⅱ
601099,证券Ⅱ
601375,证券Ⅱ
002926,证券Ⅱ
601066,证券Ⅱ
601881,证券Ⅱ
601377,证券Ⅱ
600155,证券Ⅱ
600906,证券Ⅱ
002961,期货
000750,证券Ⅱ
000712,证券Ⅱ
601136,证券Ⅱ
002945,证券Ⅱ
002670,证券Ⅱ
001236,期货
300773,金融信息服务
603093,期货
601555,证券Ⅱ
002015,公用事业
600475,公用事业
605580,公用事业
002893,公用事业
000692,公用事业
600052,公用事业
600719,公用事业
605028,公用事业
001210,公用事业
002479,公用事业
605162,公用事业
600167,公用事业
605011,公用事业
600226,公用事业
600982,公用事业
001376,公用事业
600149,公用事业
300335,公用事业
000537,公用事业
601016,公用事业
001258,公用事业
600905,公用事业
600956,公用事业
000507,公用事业
600163,公用事业
000155,公用事业
000595,公用事业
600930,公用事业
001289,公用事业
601619,公用事业
603693,公用事业
000862,公用事业
002053,公用事业
300761,肉鸡养殖
002458,肉鸡养殖
300967,肉鸡养殖
002746,肉鸡养殖
301116,肉鸡养殖
002234,肉鸡养殖
002982,肉鸡养殖
002299,肉鸡养殖
300268,农产品加工
920273,农产品加工
001338,农产品加工
003030,农产品加工
603182,粮油加工
603231,粮油加工
600097,海洋捕捞
300175,农产品加工
920371,农产品加工
605198,农产品加工
200505,粮油加工
002852,粮油加工
600962,农产品加工
600191,农产品加工
002481,农产品加工
000911,农产品加工
920964,农业综合Ⅱ
300021,农业综合Ⅱ
920023,农产品加工
000972,农产品加工
200019,粮油加工
300138,农产品加工
002286,农产品加工
600127,粮油加工
000798,海洋捕捞
200992,海洋捕捞
600737,农产品加工
000019,粮油加工
002556,农业综合Ⅱ
000505,粮油加工
600251,农产品加工
300999,粮油加工
000930,农产品加工
000638,粮油加工
601778,公用事业
002480,公用事业
600821,公用事业
002617,公用事业
002310,公用事业
002256,公用事业
601908,公用事业
600032,公用事业
603105,公用事业
002218,公用事业
300125,公用事业
000591,公用事业
300317,公用事业
600725,综合Ⅱ
600620,综合Ⅱ
600689,综合Ⅱ
600051,综合Ⅱ
000025,综合Ⅱ
900922,综合Ⅱ
200025,综合Ⅱ
600805,综合Ⅱ
000632,综合Ⅱ
000009,综合Ⅱ
000652,综合Ⅱ
000421,综合Ⅱ
600770,综合Ⅱ
000753,综合Ⅱ
600682,综合Ⅱ
600881,综合Ⅱ
000523,综合Ⅱ
600673,综合Ⅱ
002758,综合Ⅱ
000833,综合Ⅱ
600726,公用事业
600396,公用事业
900937,公用事业
200037,公用事业
002608,公用事业
600509,公用事业
000037,公用事业
000027,公用事业
601991,公用事业
600780,公用事业
200539,公用事业
000543,公用事业
600027,公用事业
000539,公用事业
000966,公用事业
000690,公用事业
000600,公用事业
600011,公用事业
600023,公用事业
600795,公用事业
001286,公用事业
600578,公用事业
600642,公用事业
600021,公用事业
600098,公用事业
600157,电力
600863,公用事业
000531,公用事业
600575,公用事业
000767,公用事业
600744,公用事业
000899,公用事业
001896,公用事业
002443,钢铁
301160,钢铁
600399,钢铁
603995,钢铁
688186,钢铁
002318,钢铁
300881,钢铁
600507,钢铁
002075,钢铁
000708,钢铁
000825,钢铁
600117,钢铁
002478,钢铁
688223,光伏设备
600886,水力发电
300040,电能综合服务
600310,电能综合服务
600483,电能综合服务
000875,电能综合服务
002060,电能综合服务
600868,水力发电
000722,水力发电
600025,水力发电
600900,水力发电
600116,电能综合服务
600674,水力发电
000883,电能综合服务
600101,电能综合服务
002039,水力发电
600969,电能综合服务
000791,水力发电
600995,电能综合服务
600452,电能综合服务
600236,水力发电
600505,电能综合服务
003035,电能综合服务
600644,电能综合服务
000803,电能综合服务
000993,水力发电
600979,电能综合服务
000601,水力发电
601528,农商行Ⅲ
601838,城商行Ⅲ
002936,城商行Ⅲ
601825,农商行Ⅲ
601658,国有大型银行Ⅲ
601169,城商行Ⅲ
601997,城商行Ⅲ
601128,农商行Ⅲ
603323,农商行Ⅲ
601860,农商行Ⅲ
002958,农商行Ⅲ
002807,农商行Ⅲ
001227,城商行Ⅲ
002142,城商行Ⅲ
600908,农商行Ⅲ
600926,城商行Ⅲ
601577,城商行Ⅲ
002839,农商行Ⅲ
600928,城商行Ⅲ
601229,城商行Ⅲ
601665,城商行Ⅲ
002966,城商行Ⅲ
002948,城商行Ⅲ
600919,城商行Ⅲ
601009,城商行Ⅲ
601988,国有大型银行Ⅲ
601328,国有大型银行Ⅲ
601398,国有大型银行Ⅲ
601939,国有大型银行Ⅲ
601288,国有大型银行Ⅲ
601187,城商行Ⅲ
601077,农商行Ⅲ
601963,城商行Ⅲ
001331,燃气Ⅱ
000669,燃气Ⅱ
000593,燃气Ⅱ
603318,燃气Ⅱ
002259,燃气Ⅱ
001299,燃气Ⅱ
603053,燃气Ⅱ
601139,燃气Ⅱ
603393,燃气Ⅱ
603706,燃气Ⅱ
002911,燃气Ⅱ
603689,燃气Ⅱ
600917,燃气Ⅱ
605090,燃气Ⅱ
600903,燃气Ⅱ
300435,燃气Ⅱ
605169,燃气Ⅱ
605368,燃气Ⅱ
603080,燃气Ⅱ
600333,燃气Ⅱ
600681,燃气Ⅱ
002267,燃气Ⅱ
900913,燃气Ⅱ
000407,燃气Ⅱ
600617,燃气Ⅱ
600635,燃气Ⅱ
002700,燃气Ⅱ
600803,燃气Ⅱ
300332,燃气Ⅱ
300483,燃气Ⅱ
920010,燃气Ⅱ
920014,燃气Ⅱ
002588,复合肥
600808,板材
000923,铁矿石
600382,铁矿石
900936,冶钢原料
600516,冶钢原料
600282,板材
600019,板材
601121,铁矿石
000932,板材
600126,板材
600010,板材
600581,板材
600022,板材
600782,板材
601005,板材
000709,板材
200761,板材
002110,长材
000959,板材
001203,铁矿石
000898,板材
000629,冶钢原料
000655,铁矿石
600295,冶钢原料
601003,板材
000717,长材
600307,板材
000761,板材
600231,长材
600569,板材
601969,铁矿石
601233,石油石化
002377,石油石化
600800,石油石化
300055,石油石化
300839,石油石化
603798,石油石化
000819,石油石化
000637,石油石化
002476,石油石化
002221,石油石化
000985,石油石化
300135,石油石化
002408,石油石化
002986,石油石化
000571,煤炭
603071,煤炭
900948,煤炭
600925,煤炭
600348,煤炭
601225,煤炭
601918,煤炭
600403,煤炭
600121,煤炭
600546,煤炭
002128,煤炭
601001,煤炭
601088,煤炭
600188,煤炭
601101,煤炭
000552,煤炭
601898,煤炭
600395,煤炭
600758,煤炭
600985,煤炭
601699,煤炭
000937,煤炭
600508,煤炭
601666,煤炭
600971,煤炭
000983,煤炭
600123,煤炭
600408,焦炭Ⅱ
600792,焦炭Ⅱ
000723,焦炭Ⅱ
600997,焦炭Ⅱ
601011,焦炭Ⅱ
600740,焦炭Ⅱ
601015,焦炭Ⅱ
001316,石油石化
000698,石油石化
002493,石油石化
603223,石油石化
000059,石油石化
600346,石油石化
600506,石油石化
000159,石油石化
000301,石油石化
603353,石油石化
000096,石油石化
600256,石油石化
600688,石油石化
000703,石油石化
600028,石油石化
601857,石油石化
000554,石油石化
002554,油服工程
600777,油气开采Ⅲ
603727,油服工程
600583,油服工程
002629,油田服务
600968,油田服务
600938,油气开采Ⅲ
000968,油气开采Ⅲ
601808,油田服务
002828,油田服务
600339,油服工程
603619,油田服务
600871,油田服务
002207,油田服务
600759,油气开采Ⅲ
300191,油服工程
300164,油服工程
920088,油田服务
